lead_id,full_name,company,linkedin_dm,email_subject,email_body
TR-HR-001,Ebru Taşcı Firuzbay,Garanti BBVA,"Merhaba Ebru, çalışan bağlılığını artırmak için Garanti BBVA ekibine esnek konuşma pratiği faydası sunuyoruz. 'Calisan deneyimi benefit'i olarak esnek Ingilizce gelisimi' kurgumuzu incelemek ister misiniz?",Garanti BBVA çalışan deneyimi: İngilizce gelişim yan hakkı,"Merhaba Ebru,

Son dönemde çalışan bağlılığını artırmak için en çok tercih edilen yan haklardan biri yabancı dil gelişimi. Garanti BBVA ekiplerinde de bu deneyimi iyileştirmek istediğinizi biliyoruz.

Esnek ders saatleriyle çalışanların severek kullanacağı 'Calisan deneyimi benefit'i olarak esnek Ingilizce gelisimi' modelini tasarladık. Çalışan memnuniyetine etkisi üzerine konuşmak isterseniz 10 dakika zamanınızı rica edebilir miyim?

Sevgiler,
Growth Automation Ekibi"
TR-HR-002,Bülent Oğuz,Akbank,"Selam Bülent, çalışan memnuniyetini doğrudan artıran yan haklar kapsamında tasarladığımız konuşma koçu programını 2 haftalık ücretsiz pilotla test edebiliriz. Detaylar için uygun musunuz?",Akbank çalışan bağlılığı ve kişisel gelişim fırsatları,"Merhaba Bülent,

Şirket içi yetenekleri elde tutmak ve kariyer yollarını desteklemek, güçlü bir çalışan deneyiminden geçiyor. Bu noktada en çok karşılaşılan zorluk: Calisan bagliligini artiran, kisiye ozel gelisim benefit'i sunmak.

Konusarak Ogren ile sunduğumuz 'Calisan deneyimi benefit'i olarak esnek Ingilizce gelisimi' kurgusunu ve örnek başarı hikayelerini paylaşmak isterim. Bu hafta kısa bir telefon görüşmesi yapabilir miyiz?

Sevgiler,
Growth Automation Ekibi"
TR-HR-003,Ali Yalçın,Türkiye İş Bankası,"Merhaba Ali, Türkiye İş Bankası için organizasyonel İngilizce gelişimini standardize edecek 'Kurumsal Ingilizce gelisimini hizli pilotla test etme' üzerine 2 haftalık risk taşımayan ücretsiz bir pilot hazırladık. İncelemek ister misiniz?",Türkiye İş Bankası için 2 haftalık İngilizce gelişim pilotu,"Merhaba Ali,

Türkiye İş Bankası liderlik ekibinde Genel Müdür Yardımcısı - İnsan Kaynakları Yönetimi olarak, organizasyon genelinde İngilizce seviyesini standardize etmek ve bunu ölçülebilir kılmak istediğinizi tahmin ediyorum.

Bu kapsamda 'Kurumsal Ingilizce gelisimini hizli pilotla test etme' odaklı, risk barındırmayan 2 haftalık kurumsal bir pilot program kurguluyoruz. İlginizi çekerse detayları konuşmak üzere kısa bir kahve sohbeti planlayabiliriz.

Sevgiler,
Growth Automation Ekibi"
TR-HR-004,Özden Önaldı,Yapı Kredi,"Selam Özden, Yapı Kredi genelinde dil engellerini aşarak iş verimliliğini artıran konuşma pratiği modelimizi ve başarı hikayelerimizi aktarmak için 10 dk ayırabilir misiniz?",Yapı Kredi organizasyonel İngilizce gelişim standardı,"Merhaba Özden,

Yapı Kredi bünyesinde Unknown ölçeğinde büyürken, en sık karşılaşılan operasyonel engellerden biri dil bariyerleri olabiliyor. Özellikle: buyuyen ekip yapisi nedeniyle Ingilizce gelisim programini olceklendirmek.

Geliştirdiğimiz 'Kurumsal Ingilizce gelisimini hizli pilotla test etme' modeliyle şirket genelinde konuşma odaklı gelişimi nasıl hızlandırdığımızı aktarmak isterim. Önümüzdeki günlerde 10 dakika ayırmanız mümkün mü?

Sevgiler,
Growth Automation Ekibi"
TR-HR-005,Cenk Akıncılar,QNB Finansbank,"Merhaba Cenk, QNB Finansbank için organizasyonel İngilizce gelişimini standardize edecek 'Kurumsal Ingilizce gelisimini hizli pilotla test etme' üzerine 2 haftalık risk taşımayan ücretsiz bir pilot hazırladık. İncelemek ister misiniz?",QNB Finansbank için 2 haftalık İngilizce gelişim pilotu,"Merhaba Cenk,

QNB Finansbank liderlik ekibinde İnsan Kaynakları Genel Müdür Yardımcısı olarak, organizasyon genelinde İngilizce seviyesini standardize etmek ve bunu ölçülebilir kılmak istediğinizi tahmin ediyorum.

Bu kapsamda 'Kurumsal Ingilizce gelisimini hizli pilotla test etme' odaklı, risk barındırmayan 2 haftalık kurumsal bir pilot program kurguluyoruz. İlginizi çekerse detayları konuşmak üzere kısa bir kahve sohbeti planlayabiliriz.

Sevgiler,
Growth Automation Ekibi"
TR-HR-006,Tuba Köseoğlu Okçu,DenizBank,"Selam Tuba, DenizBank genelinde dil engellerini aşarak iş verimliliğini artıran konuşma pratiği modelimizi ve başarı hikayelerimizi aktarmak için 10 dk ayırabilir misiniz?",DenizBank organizasyonel İngilizce gelişim standardı,"Merhaba Tuba,

DenizBank bünyesinde Banking / Finance ölçeğinde büyürken, en sık karşılaşılan operasyonel engellerden biri dil bariyerleri olabiliyor. Özellikle: perakende bankacilik ve dijital donusum nedeniyle Ingilizce gelisim programini olceklendirmek.

Geliştirdiğimiz 'Kurumsal Ingilizce gelisimini hizli pilotla test etme' modeliyle şirket genelinde konuşma odaklı gelişimi nasıl hızlandırdığımızı aktarmak isterim. Önümüzdeki günlerde 10 dakika ayırmanız mümkün mü?

Sevgiler,
Growth Automation Ekibi"
TR-HR-007,Çiğdem Ünsal,TEB,"Merhaba Çiğdem, TEB için organizasyonel İngilizce gelişimini standardize edecek 'Kurumsal Ingilizce gelisimini hizli pilotla test etme' üzerine 2 haftalık risk taşımayan ücretsiz bir pilot hazırladık. İncelemek ister misiniz?",TEB için 2 haftalık İngilizce gelişim pilotu,"Merhaba Çiğdem,

TEB liderlik ekibinde İnsan Kaynakları Genel Müdür Yardımcısı olarak, organizasyon genelinde İngilizce seviyesini standardize etmek ve bunu ölçülebilir kılmak istediğinizi tahmin ediyorum.

Bu kapsamda 'Kurumsal Ingilizce gelisimini hizli pilotla test etme' odaklı, risk barındırmayan 2 haftalık kurumsal bir pilot program kurguluyoruz. İlginizi çekerse detayları konuşmak üzere kısa bir kahve sohbeti planlayabiliriz.

Sevgiler,
Growth Automation Ekibi"
TR-HR-008,Hüseyin Özuysal,Ziraat Bankası,"Selam Hüseyin, Ziraat Bankası genelinde dil engellerini aşarak iş verimliliğini artıran konuşma pratiği modelimizi ve başarı hikayelerimizi aktarmak için 10 dk ayırabilir misiniz?",Ziraat Bankası organizasyonel İngilizce gelişim standardı,"Merhaba Hüseyin,

Ziraat Bankası bünyesinde Banking / Finance ölçeğinde büyürken, en sık karşılaşılan operasyonel engellerden biri dil bariyerleri olabiliyor. Özellikle: kamu bankaciligi ve modernizasyon nedeniyle Ingilizce gelisim programini olceklendirmek.

Geliştirdiğimiz 'Kurumsal Ingilizce gelisimini hizli pilotla test etme' modeliyle şirket genelinde konuşma odaklı gelişimi nasıl hızlandırdığımızı aktarmak isterim. Önümüzdeki günlerde 10 dakika ayırmanız mümkün mü?

Sevgiler,
Growth Automation Ekibi"
TR-HR-009,Caner Gökbulut,Halkbank,"Merhaba Caner, Halkbank için organizasyonel İngilizce gelişimini standardize edecek 'Kurumsal Ingilizce gelisimini hizli pilotla test etme' üzerine 2 haftalık risk taşımayan ücretsiz bir pilot hazırladık. İncelemek ister misiniz?",Halkbank için 2 haftalık İngilizce gelişim pilotu,"Merhaba Caner,

Halkbank liderlik ekibinde İnsan Kaynakları ve İletişim Grup Başkanı olarak, organizasyon genelinde İngilizce seviyesini standardize etmek ve bunu ölçülebilir kılmak istediğinizi tahmin ediyorum.

Bu kapsamda 'Kurumsal Ingilizce gelisimini hizli pilotla test etme' odaklı, risk barındırmayan 2 haftalık kurumsal bir pilot program kurguluyoruz. İlginizi çekerse detayları konuşmak üzere kısa bir kahve sohbeti planlayabiliriz.

Sevgiler,
Growth Automation Ekibi"
TR-HR-010,Neşe Satıcı,Halkbank,"Selam Neşe, Halkbank genelinde dil engellerini aşarak iş verimliliğini artıran konuşma pratiği modelimizi ve başarı hikayelerimizi aktarmak için 10 dk ayırabilir misiniz?",Halkbank organizasyonel İngilizce gelişim standardı,"Merhaba Neşe,

Halkbank bünyesinde Banking / Finance ölçeğinde büyürken, en sık karşılaşılan operasyonel engellerden biri dil bariyerleri olabiliyor. Özellikle: KOBi bankaciligi ve dijitallesme nedeniyle Ingilizce gelisim programini olceklendirmek.

Geliştirdiğimiz 'Kurumsal Ingilizce gelisimini hizli pilotla test etme' modeliyle şirket genelinde konuşma odaklı gelişimi nasıl hızlandırdığımızı aktarmak isterim. Önümüzdeki günlerde 10 dakika ayırmanız mümkün mü?

Sevgiler,
Growth Automation Ekibi"
TR-HR-011,Şuayyip İlbilgi,VakıfBank,"Merhaba Şuayyip, VakıfBank L&D süreçlerinde katılımı artıracak konuşma odaklı İngilizce eğitimi tasarlıyoruz. Gündeminizde 'Calisanlara olculebilir, olceklenebilir ve yogun programa uyumlu Ingilizce gelisim yolu kurmak' varsa kısa bir görüşme planlayabiliriz.",VakıfBank L&D: Konuşma odaklı İngilizce gelişiminde ROI,"Merhaba Şuayyip,

Geleneksel kurumsal İngilizce eğitimlerinde katılım ve tamamlanma oranları genellikle düşük kalıyor. L&D lideri olarak hedefinizin 'Calisanlara olculebilir, olceklenebilir ve yogun programa uyumlu Ingilizce gelisim yolu kurmak' olduğunu tahmin ediyorum.

Konusarak Ogren olarak geliştirdiğimiz birebir konuşma pratiği modeliyle katılım oranlarını %85'in üzerine çıkarıyoruz. VakıfBank ekipleri için 'L&D programlarina olculebilir konusma pratigi katmani' üzerine konuşmak için önümüzdeki hafta uygun musunuz?

Sevgiler,
Growth Automation Ekibi"
TR-HR-012,Ömer Faruk Başer,VakıfBank,"Selam Ömer, VakıfBank genelinde dil engellerini aşarak iş verimliliğini artıran konuşma pratiği modelimizi ve başarı hikayelerimizi aktarmak için 10 dk ayırabilir misiniz?",VakıfBank organizasyonel İngilizce gelişim standardı,"Merhaba Ömer,

VakıfBank bünyesinde Banking / Finance ölçeğinde büyürken, en sık karşılaşılan operasyonel engellerden biri dil bariyerleri olabiliyor. Özellikle: kurumsal performans ve dijital donusum nedeniyle Ingilizce gelisim programini olceklendirmek.

Geliştirdiğimiz 'Kurumsal Ingilizce gelisimini hizli pilotla test etme' modeliyle şirket genelinde konuşma odaklı gelişimi nasıl hızlandırdığımızı aktarmak isterim. Önümüzdeki günlerde 10 dakika ayırmanız mümkün mü?

Sevgiler,
Growth Automation Ekibi"
TR-HR-013,Hale Ökmen Ataklı,ING Türkiye,"Merhaba Hale, ING Türkiye için organizasyonel İngilizce gelişimini standardize edecek 'Kurumsal Ingilizce gelisimini hizli pilotla test etme' üzerine 2 haftalık risk taşımayan ücretsiz bir pilot hazırladık. İncelemek ister misiniz?",ING Türkiye için 2 haftalık İngilizce gelişim pilotu,"Merhaba Hale,

ING Türkiye liderlik ekibinde İnsan Kaynakları Genel Müdür Yardımcısı ve İcra Kurulu Üyesi olarak, organizasyon genelinde İngilizce seviyesini standardize etmek ve bunu ölçülebilir kılmak istediğinizi tahmin ediyorum.

Bu kapsamda 'Kurumsal Ingilizce gelisimini hizli pilotla test etme' odaklı, risk barındırmayan 2 haftalık kurumsal bir pilot program kurguluyoruz. İlginizi çekerse detayları konuşmak üzere kısa bir kahve sohbeti planlayabiliriz.

Sevgiler,
Growth Automation Ekibi"
TR-HR-014,Funda Temoçin,HSBC Türkiye,"Selam Funda, HSBC Türkiye genelinde dil engellerini aşarak iş verimliliğini artıran konuşma pratiği modelimizi ve başarı hikayelerimizi aktarmak için 10 dk ayırabilir misiniz?",HSBC Türkiye organizasyonel İngilizce gelişim standardı,"Merhaba Funda,

HSBC Türkiye bünyesinde Banking / Finance ölçeğinde büyürken, en sık karşılaşılan operasyonel engellerden biri dil bariyerleri olabiliyor. Özellikle: uluslararasi bankacilik ve global ekipler nedeniyle Ingilizce gelisim programini olceklendirmek.

Geliştirdiğimiz 'Kurumsal Ingilizce gelisimini hizli pilotla test etme' modeliyle şirket genelinde konuşma odaklı gelişimi nasıl hızlandırdığımızı aktarmak isterim. Önümüzdeki günlerde 10 dakika ayırmanız mümkün mü?

Sevgiler,
Growth Automation Ekibi"
TR-HR-015,Lütfü Şener,Albaraka Türk,"Merhaba Lütfü, çalışan bağlılığını artırmak için Albaraka Türk ekibine esnek konuşma pratiği faydası sunuyoruz. 'Calisan deneyimi benefit'i olarak esnek Ingilizce gelisimi' kurgumuzu incelemek ister misiniz?",Albaraka Türk çalışan deneyimi: İngilizce gelişim yan hakkı,"Merhaba Lütfü,

Son dönemde çalışan bağlılığını artırmak için en çok tercih edilen yan haklardan biri yabancı dil gelişimi. Albaraka Türk ekiplerinde de bu deneyimi iyileştirmek istediğinizi biliyoruz.

Esnek ders saatleriyle çalışanların severek kullanacağı 'Calisan deneyimi benefit'i olarak esnek Ingilizce gelisimi' modelini tasarladık. Çalışan memnuniyetine etkisi üzerine konuşmak isterseniz 10 dakika zamanınızı rica edebilir miyim?

Sevgiler,
Growth Automation Ekibi"
TR-HR-016,Bike Tarakcı,Alternatif Bank,"Selam Bike, Alternatif Bank genelinde dil engellerini aşarak iş verimliliğini artıran konuşma pratiği modelimizi ve başarı hikayelerimizi aktarmak için 10 dk ayırabilir misiniz?",Alternatif Bank organizasyonel İngilizce gelişim standardı,"Merhaba Bike,

Alternatif Bank bünyesinde Banking / Finance ölçeğinde büyürken, en sık karşılaşılan operasyonel engellerden biri dil bariyerleri olabiliyor. Özellikle: ticari bankacilik ve yenilikci urunler nedeniyle Ingilizce gelisim programini olceklendirmek.

Geliştirdiğimiz 'Kurumsal Ingilizce gelisimini hizli pilotla test etme' modeliyle şirket genelinde konuşma odaklı gelişimi nasıl hızlandırdığımızı aktarmak isterim. Önümüzdeki günlerde 10 dakika ayırmanız mümkün mü?

Sevgiler,
Growth Automation Ekibi"
TR-HR-017,Beti Yuhay Almozlino,Trendyol,"Merhaba Beti, Trendyol için organizasyonel İngilizce gelişimini standardize edecek 'Kurumsal Ingilizce gelisimini hizli pilotla test etme' üzerine 2 haftalık risk taşımayan ücretsiz bir pilot hazırladık. İncelemek ister misiniz?",Trendyol için 2 haftalık İngilizce gelişim pilotu,"Merhaba Beti,

Trendyol liderlik ekibinde İnsan Kaynakları Başkanı (CHRO) olarak, organizasyon genelinde İngilizce seviyesini standardize etmek ve bunu ölçülebilir kılmak istediğinizi tahmin ediyorum.

Bu kapsamda 'Kurumsal Ingilizce gelisimini hizli pilotla test etme' odaklı, risk barındırmayan 2 haftalık kurumsal bir pilot program kurguluyoruz. İlginizi çekerse detayları konuşmak üzere kısa bir kahve sohbeti planlayabiliriz.

Sevgiler,
Growth Automation Ekibi"
TR-HR-018,Tuğçe Ertuğrul,Trendyol,"Selam Tuğçe, çalışan memnuniyetini doğrudan artıran yan haklar kapsamında tasarladığımız konuşma koçu programını 2 haftalık ücretsiz pilotla test edebiliriz. Detaylar için uygun musunuz?",Trendyol çalışan bağlılığı ve kişisel gelişim fırsatları,"Merhaba Tuğçe,

Şirket içi yetenekleri elde tutmak ve kariyer yollarını desteklemek, güçlü bir çalışan deneyiminden geçiyor. Bu noktada en çok karşılaşılan zorluk: Calisan bagliligini artiran, kisiye ozel gelisim benefit'i sunmak.

Konusarak Ogren ile sunduğumuz 'Calisan deneyimi benefit'i olarak esnek Ingilizce gelisimi' kurgusunu ve örnek başarı hikayelerini paylaşmak isterim. Bu hafta kısa bir telefon görüşmesi yapabilir miyiz?

Sevgiler,
Growth Automation Ekibi"
TR-HR-019,Esra Beyzadeoğlu,Hepsiburada,"Merhaba Esra, Hepsiburada için organizasyonel İngilizce gelişimini standardize edecek 'Kurumsal Ingilizce gelisimini hizli pilotla test etme' üzerine 2 haftalık risk taşımayan ücretsiz bir pilot hazırladık. İncelemek ister misiniz?",Hepsiburada için 2 haftalık İngilizce gelişim pilotu,"Merhaba Esra,

Hepsiburada liderlik ekibinde İnsan Kaynakları Grup Başkanı olarak, organizasyon genelinde İngilizce seviyesini standardize etmek ve bunu ölçülebilir kılmak istediğinizi tahmin ediyorum.

Bu kapsamda 'Kurumsal Ingilizce gelisimini hizli pilotla test etme' odaklı, risk barındırmayan 2 haftalık kurumsal bir pilot program kurguluyoruz. İlginizi çekerse detayları konuşmak üzere kısa bir kahve sohbeti planlayabiliriz.

Sevgiler,
Growth Automation Ekibi"
TR-HR-020,Petek Taga,Getir,"Selam Petek, Getir genelinde dil engellerini aşarak iş verimliliğini artıran konuşma pratiği modelimizi ve başarı hikayelerimizi aktarmak için 10 dk ayırabilir misiniz?",Getir organizasyonel İngilizce gelişim standardı,"Merhaba Petek,

Getir bünyesinde Quick commerce / Delivery ölçeğinde büyürken, en sık karşılaşılan operasyonel engellerden biri dil bariyerleri olabiliyor. Özellikle: cok lokasyonlu operasyon ve saha ekipleri nedeniyle Ingilizce gelisim programini olceklendirmek.

Geliştirdiğimiz 'Kurumsal Ingilizce gelisimini hizli pilotla test etme' modeliyle şirket genelinde konuşma odaklı gelişimi nasıl hızlandırdığımızı aktarmak isterim. Önümüzdeki günlerde 10 dakika ayırmanız mümkün mü?

Sevgiler,
Growth Automation Ekibi"
TR-HR-021,Alev Taş,Dream Games,"Merhaba Alev, Dream Games için organizasyonel İngilizce gelişimini standardize edecek 'Kurumsal Ingilizce gelisimini hizli pilotla test etme' üzerine 2 haftalık risk taşımayan ücretsiz bir pilot hazırladık. İncelemek ister misiniz?",Dream Games için 2 haftalık İngilizce gelişim pilotu,"Merhaba Alev,

Dream Games liderlik ekibinde HR Director olarak, organizasyon genelinde İngilizce seviyesini standardize etmek ve bunu ölçülebilir kılmak istediğinizi tahmin ediyorum.

Bu kapsamda 'Kurumsal Ingilizce gelisimini hizli pilotla test etme' odaklı, risk barındırmayan 2 haftalık kurumsal bir pilot program kurguluyoruz. İlginizi çekerse detayları konuşmak üzere kısa bir kahve sohbeti planlayabiliriz.

Sevgiler,
Growth Automation Ekibi"
TR-HR-022,Eda Azaroğlu,Peak Games,"Selam Eda, Peak Games genelinde dil engellerini aşarak iş verimliliğini artıran konuşma pratiği modelimizi ve başarı hikayelerimizi aktarmak için 10 dk ayırabilir misiniz?",Peak Games organizasyonel İngilizce gelişim standardı,"Merhaba Eda,

Peak Games bünyesinde Gaming / Technology ölçeğinde büyürken, en sık karşılaşılan operasyonel engellerden biri dil bariyerleri olabiliyor. Özellikle: global urun ve cok uluslu calisma ritmi nedeniyle Ingilizce gelisim programini olceklendirmek.

Geliştirdiğimiz 'Kurumsal Ingilizce gelisimini hizli pilotla test etme' modeliyle şirket genelinde konuşma odaklı gelişimi nasıl hızlandırdığımızı aktarmak isterim. Önümüzdeki günlerde 10 dakika ayırmanız mümkün mü?

Sevgiler,
Growth Automation Ekibi"
TR-HR-023,Nebahat Kesgin,Logo Yazılım,"Merhaba Nebahat, Logo Yazılım için organizasyonel İngilizce gelişimini standardize edecek 'Kurumsal Ingilizce gelisimini hizli pilotla test etme' üzerine 2 haftalık risk taşımayan ücretsiz bir pilot hazırladık. İncelemek ister misiniz?",Logo Yazılım için 2 haftalık İngilizce gelişim pilotu,"Merhaba Nebahat,

Logo Yazılım liderlik ekibinde Grup İnsan ve Organizasyonel Dönüşüm Direktörü olarak, organizasyon genelinde İngilizce seviyesini standardize etmek ve bunu ölçülebilir kılmak istediğinizi tahmin ediyorum.

Bu kapsamda 'Kurumsal Ingilizce gelisimini hizli pilotla test etme' odaklı, risk barındırmayan 2 haftalık kurumsal bir pilot program kurguluyoruz. İlginizi çekerse detayları konuşmak üzere kısa bir kahve sohbeti planlayabiliriz.

Sevgiler,
Growth Automation Ekibi"
TR-HR-024,Aşkın Bostancıoğlu,Yemeksepeti,"Selam Aşkın, çalışan memnuniyetini doğrudan artıran yan haklar kapsamında tasarladığımız konuşma koçu programını 2 haftalık ücretsiz pilotla test edebiliriz. Detaylar için uygun musunuz?",Yemeksepeti çalışan bağlılığı ve kişisel gelişim fırsatları,"Merhaba Aşkın,

Şirket içi yetenekleri elde tutmak ve kariyer yollarını desteklemek, güçlü bir çalışan deneyiminden geçiyor. Bu noktada en çok karşılaşılan zorluk: Calisan bagliligini artiran, kisiye ozel gelisim benefit'i sunmak.

Konusarak Ogren ile sunduğumuz 'Calisan deneyimi benefit'i olarak esnek Ingilizce gelisimi' kurgusunu ve örnek başarı hikayelerini paylaşmak isterim. Bu hafta kısa bir telefon görüşmesi yapabilir miyiz?

Sevgiler,
Growth Automation Ekibi"
TR-HR-025,Güntülü Peker,Sahibinden.com,"Merhaba Güntülü, Sahibinden.com için organizasyonel İngilizce gelişimini standardize edecek 'Kurumsal Ingilizce gelisimini hizli pilotla test etme' üzerine 2 haftalık risk taşımayan ücretsiz bir pilot hazırladık. İncelemek ister misiniz?",Sahibinden.com için 2 haftalık İngilizce gelişim pilotu,"Merhaba Güntülü,

Sahibinden.com liderlik ekibinde İnsan ve Sürdürülebilirlik Genel Müdür Yardımcısı olarak, organizasyon genelinde İngilizce seviyesini standardize etmek ve bunu ölçülebilir kılmak istediğinizi tahmin ediyorum.

Bu kapsamda 'Kurumsal Ingilizce gelisimini hizli pilotla test etme' odaklı, risk barındırmayan 2 haftalık kurumsal bir pilot program kurguluyoruz. İlginizi çekerse detayları konuşmak üzere kısa bir kahve sohbeti planlayabiliriz.

Sevgiler,
Growth Automation Ekibi"
TR-HR-026,Gözde Bahçekapılı Varinli,BiTaksi,"Selam Gözde, çalışan memnuniyetini doğrudan artıran yan haklar kapsamında tasarladığımız konuşma koçu programını 2 haftalık ücretsiz pilotla test edebiliriz. Detaylar için uygun musunuz?",BiTaksi çalışan bağlılığı ve kişisel gelişim fırsatları,"Merhaba Gözde,

Şirket içi yetenekleri elde tutmak ve kariyer yollarını desteklemek, güçlü bir çalışan deneyiminden geçiyor. Bu noktada en çok karşılaşılan zorluk: Calisan bagliligini artiran, kisiye ozel gelisim benefit'i sunmak.

Konusarak Ogren ile sunduğumuz 'Calisan deneyimi benefit'i olarak esnek Ingilizce gelisimi' kurgusunu ve örnek başarı hikayelerini paylaşmak isterim. Bu hafta kısa bir telefon görüşmesi yapabilir miyiz?

Sevgiler,
Growth Automation Ekibi"
TR-HR-027,Tolga Temtek,Colendi,"Merhaba Tolga, Colendi için organizasyonel İngilizce gelişimini standardize edecek 'Kurumsal Ingilizce gelisimini hizli pilotla test etme' üzerine 2 haftalık risk taşımayan ücretsiz bir pilot hazırladık. İncelemek ister misiniz?",Colendi için 2 haftalık İngilizce gelişim pilotu,"Merhaba Tolga,

Colendi liderlik ekibinde HR Advisor to CEO olarak, organizasyon genelinde İngilizce seviyesini standardize etmek ve bunu ölçülebilir kılmak istediğinizi tahmin ediyorum.

Bu kapsamda 'Kurumsal Ingilizce gelisimini hizli pilotla test etme' odaklı, risk barındırmayan 2 haftalık kurumsal bir pilot program kurguluyoruz. İlginizi çekerse detayları konuşmak üzere kısa bir kahve sohbeti planlayabiliriz.

Sevgiler,
Growth Automation Ekibi"
TR-HR-028,Dilara Aydın,Papara,"Selam Dilara, çalışan memnuniyetini doğrudan artıran yan haklar kapsamında tasarladığımız konuşma koçu programını 2 haftalık ücretsiz pilotla test edebiliriz. Detaylar için uygun musunuz?",Papara çalışan bağlılığı ve kişisel gelişim fırsatları,"Merhaba Dilara,

Şirket içi yetenekleri elde tutmak ve kariyer yollarını desteklemek, güçlü bir çalışan deneyiminden geçiyor. Bu noktada en çok karşılaşılan zorluk: Calisan bagliligini artiran, kisiye ozel gelisim benefit'i sunmak.

Konusarak Ogren ile sunduğumuz 'Calisan deneyimi benefit'i olarak esnek Ingilizce gelisimi' kurgusunu ve örnek başarı hikayelerini paylaşmak isterim. Bu hafta kısa bir telefon görüşmesi yapabilir miyiz?

Sevgiler,
Growth Automation Ekibi"
TR-HR-029,Seda Karatekin,AloTech,"Merhaba Seda, AloTech için organizasyonel İngilizce gelişimini standardize edecek 'Kurumsal Ingilizce gelisimini hizli pilotla test etme' üzerine 2 haftalık risk taşımayan ücretsiz bir pilot hazırladık. İncelemek ister misiniz?",AloTech için 2 haftalık İngilizce gelişim pilotu,"Merhaba Seda,

AloTech liderlik ekibinde CHRO olarak, organizasyon genelinde İngilizce seviyesini standardize etmek ve bunu ölçülebilir kılmak istediğinizi tahmin ediyorum.

Bu kapsamda 'Kurumsal Ingilizce gelisimini hizli pilotla test etme' odaklı, risk barındırmayan 2 haftalık kurumsal bir pilot program kurguluyoruz. İlginizi çekerse detayları konuşmak üzere kısa bir kahve sohbeti planlayabiliriz.

Sevgiler,
Growth Automation Ekibi"
TR-HR-030,Murat Düzgün,Papel,"Selam Murat, Papel genelinde dil engellerini aşarak iş verimliliğini artıran konuşma pratiği modelimizi ve başarı hikayelerimizi aktarmak için 10 dk ayırabilir misiniz?",Papel organizasyonel İngilizce gelişim standardı,"Merhaba Murat,

Papel bünyesinde Fintech ölçeğinde büyürken, en sık karşılaşılan operasyonel engellerden biri dil bariyerleri olabiliyor. Özellikle: dijital odeme ve fintech buyumesi nedeniyle Ingilizce gelisim programini olceklendirmek.

Geliştirdiğimiz 'Kurumsal Ingilizce gelisimini hizli pilotla test etme' modeliyle şirket genelinde konuşma odaklı gelişimi nasıl hızlandırdığımızı aktarmak isterim. Önümüzdeki günlerde 10 dakika ayırmanız mümkün mü?

Sevgiler,
Growth Automation Ekibi"
TR-HR-031,Selin Esencan Baykal,Bilyoner,"Merhaba Selin, Bilyoner için organizasyonel İngilizce gelişimini standardize edecek 'Kurumsal Ingilizce gelisimini hizli pilotla test etme' üzerine 2 haftalık risk taşımayan ücretsiz bir pilot hazırladık. İncelemek ister misiniz?",Bilyoner için 2 haftalık İngilizce gelişim pilotu,"Merhaba Selin,

Bilyoner liderlik ekibinde CHRO olarak, organizasyon genelinde İngilizce seviyesini standardize etmek ve bunu ölçülebilir kılmak istediğinizi tahmin ediyorum.

Bu kapsamda 'Kurumsal Ingilizce gelisimini hizli pilotla test etme' odaklı, risk barındırmayan 2 haftalık kurumsal bir pilot program kurguluyoruz. İlginizi çekerse detayları konuşmak üzere kısa bir kahve sohbeti planlayabiliriz.

Sevgiler,
Growth Automation Ekibi"
TR-HR-032,Erkan Durdu,Turkcell,"Selam Erkan, Turkcell genelinde dil engellerini aşarak iş verimliliğini artıran konuşma pratiği modelimizi ve başarı hikayelerimizi aktarmak için 10 dk ayırabilir misiniz?",Turkcell organizasyonel İngilizce gelişim standardı,"Merhaba Erkan,

Turkcell bünyesinde Telecommunications ölçeğinde büyürken, en sık karşılaşılan operasyonel engellerden biri dil bariyerleri olabiliyor. Özellikle: kurumsal donusum ve teknoloji yetkinlikleri nedeniyle Ingilizce gelisim programini olceklendirmek.

Geliştirdiğimiz 'Kurumsal Ingilizce gelisimini hizli pilotla test etme' modeliyle şirket genelinde konuşma odaklı gelişimi nasıl hızlandırdığımızı aktarmak isterim. Önümüzdeki günlerde 10 dakika ayırmanız mümkün mü?

Sevgiler,
Growth Automation Ekibi"
TR-HR-033,Nazlı Tlabar Güler,Vodafone Türkiye,"Merhaba Nazlı, Vodafone Türkiye için organizasyonel İngilizce gelişimini standardize edecek 'Kurumsal Ingilizce gelisimini hizli pilotla test etme' üzerine 2 haftalık risk taşımayan ücretsiz bir pilot hazırladık. İncelemek ister misiniz?",Vodafone Türkiye için 2 haftalık İngilizce gelişim pilotu,"Merhaba Nazlı,

Vodafone Türkiye liderlik ekibinde İnsan Kaynaklarından Sorumlu İcra Kurulu Başkan Yardımcısı olarak, organizasyon genelinde İngilizce seviyesini standardize etmek ve bunu ölçülebilir kılmak istediğinizi tahmin ediyorum.

Bu kapsamda 'Kurumsal Ingilizce gelisimini hizli pilotla test etme' odaklı, risk barındırmayan 2 haftalık kurumsal bir pilot program kurguluyoruz. İlginizi çekerse detayları konuşmak üzere kısa bir kahve sohbeti planlayabiliriz.

Sevgiler,
Growth Automation Ekibi"
TR-HR-034,İskender Bayrak,Türk Telekom,"Selam İskender, Türk Telekom genelinde dil engellerini aşarak iş verimliliğini artıran konuşma pratiği modelimizi ve başarı hikayelerimizi aktarmak için 10 dk ayırabilir misiniz?",Türk Telekom organizasyonel İngilizce gelişim standardı,"Merhaba İskender,

Türk Telekom bünyesinde Telecommunications ölçeğinde büyürken, en sık karşılaşılan operasyonel engellerden biri dil bariyerleri olabiliyor. Özellikle: dijital donusum ve fiber altyapi nedeniyle Ingilizce gelisim programini olceklendirmek.

Geliştirdiğimiz 'Kurumsal Ingilizce gelisimini hizli pilotla test etme' modeliyle şirket genelinde konuşma odaklı gelişimi nasıl hızlandırdığımızı aktarmak isterim. Önümüzdeki günlerde 10 dakika ayırmanız mümkün mü?

Sevgiler,
Growth Automation Ekibi"
TR-HR-035,Bahattin Aydın,LC Waikiki,"Merhaba Bahattin, LC Waikiki için organizasyonel İngilizce gelişimini standardize edecek 'Kurumsal Ingilizce gelisimini hizli pilotla test etme' üzerine 2 haftalık risk taşımayan ücretsiz bir pilot hazırladık. İncelemek ister misiniz?",LC Waikiki için 2 haftalık İngilizce gelişim pilotu,"Merhaba Bahattin,

LC Waikiki liderlik ekibinde İnsan Kaynakları Genel Müdürü (CHRO) olarak, organizasyon genelinde İngilizce seviyesini standardize etmek ve bunu ölçülebilir kılmak istediğinizi tahmin ediyorum.

Bu kapsamda 'Kurumsal Ingilizce gelisimini hizli pilotla test etme' odaklı, risk barındırmayan 2 haftalık kurumsal bir pilot program kurguluyoruz. İlginizi çekerse detayları konuşmak üzere kısa bir kahve sohbeti planlayabiliriz.

Sevgiler,
Growth Automation Ekibi"
TR-HR-036,Can Yılmaz,Mavi,"Selam Can, Mavi genelinde dil engellerini aşarak iş verimliliğini artıran konuşma pratiği modelimizi ve başarı hikayelerimizi aktarmak için 10 dk ayırabilir misiniz?",Mavi organizasyonel İngilizce gelişim standardı,"Merhaba Can,

Mavi bünyesinde Retail / Fashion ölçeğinde büyürken, en sık karşılaşılan operasyonel engellerden biri dil bariyerleri olabiliyor. Özellikle: perakende ekipleri ve marka is birlikleri nedeniyle Ingilizce gelisim programini olceklendirmek.

Geliştirdiğimiz 'Kurumsal Ingilizce gelisimini hizli pilotla test etme' modeliyle şirket genelinde konuşma odaklı gelişimi nasıl hızlandırdığımızı aktarmak isterim. Önümüzdeki günlerde 10 dakika ayırmanız mümkün mü?

Sevgiler,
Growth Automation Ekibi"
TR-HR-037,Yeşim Çokeker,DeFacto,"Merhaba Yeşim, DeFacto için organizasyonel İngilizce gelişimini standardize edecek 'Kurumsal Ingilizce gelisimini hizli pilotla test etme' üzerine 2 haftalık risk taşımayan ücretsiz bir pilot hazırladık. İncelemek ister misiniz?",DeFacto için 2 haftalık İngilizce gelişim pilotu,"Merhaba Yeşim,

DeFacto liderlik ekibinde İnsan Kaynaklarından Sorumlu Genel Müdür Yardımcısı olarak, organizasyon genelinde İngilizce seviyesini standardize etmek ve bunu ölçülebilir kılmak istediğinizi tahmin ediyorum.

Bu kapsamda 'Kurumsal Ingilizce gelisimini hizli pilotla test etme' odaklı, risk barındırmayan 2 haftalık kurumsal bir pilot program kurguluyoruz. İlginizi çekerse detayları konuşmak üzere kısa bir kahve sohbeti planlayabiliriz.

Sevgiler,
Growth Automation Ekibi"
TR-HR-038,Yasemin Asar,Boyner Grup,"Selam Yasemin, Boyner Grup genelinde dil engellerini aşarak iş verimliliğini artıran konuşma pratiği modelimizi ve başarı hikayelerimizi aktarmak için 10 dk ayırabilir misiniz?",Boyner Grup organizasyonel İngilizce gelişim standardı,"Merhaba Yasemin,

Boyner Grup bünyesinde Retail / Department store ölçeğinde büyürken, en sık karşılaşılan operasyonel engellerden biri dil bariyerleri olabiliyor. Özellikle: cok kanalli perakende donusumu nedeniyle Ingilizce gelisim programini olceklendirmek.

Geliştirdiğimiz 'Kurumsal Ingilizce gelisimini hizli pilotla test etme' modeliyle şirket genelinde konuşma odaklı gelişimi nasıl hızlandırdığımızı aktarmak isterim. Önümüzdeki günlerde 10 dakika ayırmanız mümkün mü?

Sevgiler,
Growth Automation Ekibi"
TR-HR-039,Hasan Kaya,BİM,"Merhaba Hasan, BİM için organizasyonel İngilizce gelişimini standardize edecek 'Kurumsal Ingilizce gelisimini hizli pilotla test etme' üzerine 2 haftalık risk taşımayan ücretsiz bir pilot hazırladık. İncelemek ister misiniz?",BİM için 2 haftalık İngilizce gelişim pilotu,"Merhaba Hasan,

BİM liderlik ekibinde İnsan Kaynakları Başkanı (CHRO) olarak, organizasyon genelinde İngilizce seviyesini standardize etmek ve bunu ölçülebilir kılmak istediğinizi tahmin ediyorum.

Bu kapsamda 'Kurumsal Ingilizce gelisimini hizli pilotla test etme' odaklı, risk barındırmayan 2 haftalık kurumsal bir pilot program kurguluyoruz. İlginizi çekerse detayları konuşmak üzere kısa bir kahve sohbeti planlayabiliriz.

Sevgiler,
Growth Automation Ekibi"
TR-HR-040,Olcay Yılmaz Nomak,Migros,"Selam Olcay, Migros genelinde dil engellerini aşarak iş verimliliğini artıran konuşma pratiği modelimizi ve başarı hikayelerimizi aktarmak için 10 dk ayırabilir misiniz?",Migros organizasyonel İngilizce gelişim standardı,"Merhaba Olcay,

Migros bünyesinde Retail / Grocery ölçeğinde büyürken, en sık karşılaşılan operasyonel engellerden biri dil bariyerleri olabiliyor. Özellikle: gida perakende ve dijital donusum nedeniyle Ingilizce gelisim programini olceklendirmek.

Geliştirdiğimiz 'Kurumsal Ingilizce gelisimini hizli pilotla test etme' modeliyle şirket genelinde konuşma odaklı gelişimi nasıl hızlandırdığımızı aktarmak isterim. Önümüzdeki günlerde 10 dakika ayırmanız mümkün mü?

Sevgiler,
Growth Automation Ekibi"
TR-HR-041,Bahar Tura,CarrefourSA,"Merhaba Bahar, CarrefourSA için organizasyonel İngilizce gelişimini standardize edecek 'Kurumsal Ingilizce gelisimini hizli pilotla test etme' üzerine 2 haftalık risk taşımayan ücretsiz bir pilot hazırladık. İncelemek ister misiniz?",CarrefourSA için 2 haftalık İngilizce gelişim pilotu,"Merhaba Bahar,

CarrefourSA liderlik ekibinde İnsan Kaynakları ve Sürdürülebilirlik GMY olarak, organizasyon genelinde İngilizce seviyesini standardize etmek ve bunu ölçülebilir kılmak istediğinizi tahmin ediyorum.

Bu kapsamda 'Kurumsal Ingilizce gelisimini hizli pilotla test etme' odaklı, risk barındırmayan 2 haftalık kurumsal bir pilot program kurguluyoruz. İlginizi çekerse detayları konuşmak üzere kısa bir kahve sohbeti planlayabiliriz.

Sevgiler,
Growth Automation Ekibi"
TR-HR-042,Tuncer Konak,ŞOK Marketler,"Selam Tuncer, ŞOK Marketler genelinde dil engellerini aşarak iş verimliliğini artıran konuşma pratiği modelimizi ve başarı hikayelerimizi aktarmak için 10 dk ayırabilir misiniz?",ŞOK Marketler organizasyonel İngilizce gelişim standardı,"Merhaba Tuncer,

ŞOK Marketler bünyesinde Retail / Discount ölçeğinde büyürken, en sık karşılaşılan operasyonel engellerden biri dil bariyerleri olabiliyor. Özellikle: hizli buyuyen indirim perakende nedeniyle Ingilizce gelisim programini olceklendirmek.

Geliştirdiğimiz 'Kurumsal Ingilizce gelisimini hizli pilotla test etme' modeliyle şirket genelinde konuşma odaklı gelişimi nasıl hızlandırdığımızı aktarmak isterim. Önümüzdeki günlerde 10 dakika ayırmanız mümkün mü?

Sevgiler,
Growth Automation Ekibi"
TR-HR-043,Eriş Aslan,Koçtaş,"Merhaba Eriş, Koçtaş için organizasyonel İngilizce gelişimini standardize edecek 'Kurumsal Ingilizce gelisimini hizli pilotla test etme' üzerine 2 haftalık risk taşımayan ücretsiz bir pilot hazırladık. İncelemek ister misiniz?",Koçtaş için 2 haftalık İngilizce gelişim pilotu,"Merhaba Eriş,

Koçtaş liderlik ekibinde İnsan Kaynakları ve Endüstri İlişkileri GMY olarak, organizasyon genelinde İngilizce seviyesini standardize etmek ve bunu ölçülebilir kılmak istediğinizi tahmin ediyorum.

Bu kapsamda 'Kurumsal Ingilizce gelisimini hizli pilotla test etme' odaklı, risk barındırmayan 2 haftalık kurumsal bir pilot program kurguluyoruz. İlginizi çekerse detayları konuşmak üzere kısa bir kahve sohbeti planlayabiliriz.

Sevgiler,
Growth Automation Ekibi"
TR-HR-044,Ali Rıza Aksoy,Ford Otosan,"Selam Ali, Ford Otosan genelinde dil engellerini aşarak iş verimliliğini artıran konuşma pratiği modelimizi ve başarı hikayelerimizi aktarmak için 10 dk ayırabilir misiniz?",Ford Otosan organizasyonel İngilizce gelişim standardı,"Merhaba Ali,

Ford Otosan bünyesinde Automotive / Manufacturing ölçeğinde büyürken, en sık karşılaşılan operasyonel engellerden biri dil bariyerleri olabiliyor. Özellikle: uretim, muhendislik ve global tedarik zinciri nedeniyle Ingilizce gelisim programini olceklendirmek.

Geliştirdiğimiz 'Kurumsal Ingilizce gelisimini hizli pilotla test etme' modeliyle şirket genelinde konuşma odaklı gelişimi nasıl hızlandırdığımızı aktarmak isterim. Önümüzdeki günlerde 10 dakika ayırmanız mümkün mü?

Sevgiler,
Growth Automation Ekibi"
TR-HR-045,Orçun Sarıca,TOFAŞ,"Merhaba Orçun, TOFAŞ için organizasyonel İngilizce gelişimini standardize edecek 'Kurumsal Ingilizce gelisimini hizli pilotla test etme' üzerine 2 haftalık risk taşımayan ücretsiz bir pilot hazırladık. İncelemek ister misiniz?",TOFAŞ için 2 haftalık İngilizce gelişim pilotu,"Merhaba Orçun,

TOFAŞ liderlik ekibinde İnsan Kaynakları ve Endüstriyel İlişkiler Direktörü olarak, organizasyon genelinde İngilizce seviyesini standardize etmek ve bunu ölçülebilir kılmak istediğinizi tahmin ediyorum.

Bu kapsamda 'Kurumsal Ingilizce gelisimini hizli pilotla test etme' odaklı, risk barındırmayan 2 haftalık kurumsal bir pilot program kurguluyoruz. İlginizi çekerse detayları konuşmak üzere kısa bir kahve sohbeti planlayabiliriz.

Sevgiler,
Growth Automation Ekibi"
TR-HR-046,Seda Koytak,Toyota Türkiye,"Selam Seda, Toyota Türkiye genelinde dil engellerini aşarak iş verimliliğini artıran konuşma pratiği modelimizi ve başarı hikayelerimizi aktarmak için 10 dk ayırabilir misiniz?",Toyota Türkiye organizasyonel İngilizce gelişim standardı,"Merhaba Seda,

Toyota Türkiye bünyesinde Automotive / Manufacturing ölçeğinde büyürken, en sık karşılaşılan operasyonel engellerden biri dil bariyerleri olabiliyor. Özellikle: uretim ve kalite muhendisligi nedeniyle Ingilizce gelisim programini olceklendirmek.

Geliştirdiğimiz 'Kurumsal Ingilizce gelisimini hizli pilotla test etme' modeliyle şirket genelinde konuşma odaklı gelişimi nasıl hızlandırdığımızı aktarmak isterim. Önümüzdeki günlerde 10 dakika ayırmanız mümkün mü?

Sevgiler,
Growth Automation Ekibi"
TR-HR-047,Betül Çorbacıoğlu,Mercedes-Benz Türk,"Merhaba Betül, Mercedes-Benz Türk için organizasyonel İngilizce gelişimini standardize edecek 'Kurumsal Ingilizce gelisimini hizli pilotla test etme' üzerine 2 haftalık risk taşımayan ücretsiz bir pilot hazırladık. İncelemek ister misiniz?",Mercedes-Benz Türk için 2 haftalık İngilizce gelişim pilotu,"Merhaba Betül,

Mercedes-Benz Türk liderlik ekibinde İnsan Kaynakları Direktörü olarak, organizasyon genelinde İngilizce seviyesini standardize etmek ve bunu ölçülebilir kılmak istediğinizi tahmin ediyorum.

Bu kapsamda 'Kurumsal Ingilizce gelisimini hizli pilotla test etme' odaklı, risk barındırmayan 2 haftalık kurumsal bir pilot program kurguluyoruz. İlginizi çekerse detayları konuşmak üzere kısa bir kahve sohbeti planlayabiliriz.

Sevgiler,
Growth Automation Ekibi"
TR-HR-048,Gökhan Şahin,Hyundai Assan,"Selam Gökhan, Hyundai Assan genelinde dil engellerini aşarak iş verimliliğini artıran konuşma pratiği modelimizi ve başarı hikayelerimizi aktarmak için 10 dk ayırabilir misiniz?",Hyundai Assan organizasyonel İngilizce gelişim standardı,"Merhaba Gökhan,

Hyundai Assan bünyesinde Automotive / Manufacturing ölçeğinde büyürken, en sık karşılaşılan operasyonel engellerden biri dil bariyerleri olabiliyor. Özellikle: otomotiv uretim ve ihracat nedeniyle Ingilizce gelisim programini olceklendirmek.

Geliştirdiğimiz 'Kurumsal Ingilizce gelisimini hizli pilotla test etme' modeliyle şirket genelinde konuşma odaklı gelişimi nasıl hızlandırdığımızı aktarmak isterim. Önümüzdeki günlerde 10 dakika ayırmanız mümkün mü?

Sevgiler,
Growth Automation Ekibi"
TR-HR-049,Dr. Başak Demiryumruk Dikici,Renault MAİS,"Merhaba Dr., Renault MAİS için organizasyonel İngilizce gelişimini standardize edecek 'Kurumsal Ingilizce gelisimini hizli pilotla test etme' üzerine 2 haftalık risk taşımayan ücretsiz bir pilot hazırladık. İncelemek ister misiniz?",Renault MAİS için 2 haftalık İngilizce gelişim pilotu,"Merhaba Dr.,

Renault MAİS liderlik ekibinde İnsan Kaynakları Direktörü olarak, organizasyon genelinde İngilizce seviyesini standardize etmek ve bunu ölçülebilir kılmak istediğinizi tahmin ediyorum.

Bu kapsamda 'Kurumsal Ingilizce gelisimini hizli pilotla test etme' odaklı, risk barındırmayan 2 haftalık kurumsal bir pilot program kurguluyoruz. İlginizi çekerse detayları konuşmak üzere kısa bir kahve sohbeti planlayabiliriz.

Sevgiler,
Growth Automation Ekibi"
TR-HR-050,Fikri Özdemir,Arçelik,"Selam Fikri, Arçelik genelinde dil engellerini aşarak iş verimliliğini artıran konuşma pratiği modelimizi ve başarı hikayelerimizi aktarmak için 10 dk ayırabilir misiniz?",Arçelik organizasyonel İngilizce gelişim standardı,"Merhaba Fikri,

Arçelik bünyesinde Unknown ölçeğinde büyürken, en sık karşılaşılan operasyonel engellerden biri dil bariyerleri olabiliyor. Özellikle: buyuyen ekip yapisi nedeniyle Ingilizce gelisim programini olceklendirmek.

Geliştirdiğimiz 'Kurumsal Ingilizce gelisimini hizli pilotla test etme' modeliyle şirket genelinde konuşma odaklı gelişimi nasıl hızlandırdığımızı aktarmak isterim. Önümüzdeki günlerde 10 dakika ayırmanız mümkün mü?

Sevgiler,
Growth Automation Ekibi"
TR-HR-051,Zeynep Tarhan,Vestel,"Merhaba Zeynep, Vestel için organizasyonel İngilizce gelişimini standardize edecek 'Kurumsal Ingilizce gelisimini hizli pilotla test etme' üzerine 2 haftalık risk taşımayan ücretsiz bir pilot hazırladık. İncelemek ister misiniz?",Vestel için 2 haftalık İngilizce gelişim pilotu,"Merhaba Zeynep,

Vestel liderlik ekibinde İnsan Kaynakları Genel Müdürü olarak, organizasyon genelinde İngilizce seviyesini standardize etmek ve bunu ölçülebilir kılmak istediğinizi tahmin ediyorum.

Bu kapsamda 'Kurumsal Ingilizce gelisimini hizli pilotla test etme' odaklı, risk barındırmayan 2 haftalık kurumsal bir pilot program kurguluyoruz. İlginizi çekerse detayları konuşmak üzere kısa bir kahve sohbeti planlayabiliriz.

Sevgiler,
Growth Automation Ekibi"
TR-HR-052,Nursel Ölmez Ateş,Borusan Holding,"Selam Nursel, Borusan Holding genelinde dil engellerini aşarak iş verimliliğini artıran konuşma pratiği modelimizi ve başarı hikayelerimizi aktarmak için 10 dk ayırabilir misiniz?",Borusan Holding organizasyonel İngilizce gelişim standardı,"Merhaba Nursel,

Borusan Holding bünyesinde Conglomerate / Industrial ölçeğinde büyürken, en sık karşılaşılan operasyonel engellerden biri dil bariyerleri olabiliyor. Özellikle: sanayi ve hizmet sektoru yonetimi nedeniyle Ingilizce gelisim programini olceklendirmek.

Geliştirdiğimiz 'Kurumsal Ingilizce gelisimini hizli pilotla test etme' modeliyle şirket genelinde konuşma odaklı gelişimi nasıl hızlandırdığımızı aktarmak isterim. Önümüzdeki günlerde 10 dakika ayırmanız mümkün mü?

Sevgiler,
Growth Automation Ekibi"
TR-HR-053,Tuğba Paşalı Karacan,Borusan Otomotiv,"Merhaba Tuğba, Borusan Otomotiv için organizasyonel İngilizce gelişimini standardize edecek 'Kurumsal Ingilizce gelisimini hizli pilotla test etme' üzerine 2 haftalık risk taşımayan ücretsiz bir pilot hazırladık. İncelemek ister misiniz?",Borusan Otomotiv için 2 haftalık İngilizce gelişim pilotu,"Merhaba Tuğba,

Borusan Otomotiv liderlik ekibinde İK ve İSG'den Sorumlu İcra Kurulu Üyesi olarak, organizasyon genelinde İngilizce seviyesini standardize etmek ve bunu ölçülebilir kılmak istediğinizi tahmin ediyorum.

Bu kapsamda 'Kurumsal Ingilizce gelisimini hizli pilotla test etme' odaklı, risk barındırmayan 2 haftalık kurumsal bir pilot program kurguluyoruz. İlginizi çekerse detayları konuşmak üzere kısa bir kahve sohbeti planlayabiliriz.

Sevgiler,
Growth Automation Ekibi"
TR-HR-054,Şengül Arslan,Şişecam,"Selam Şengül, Şişecam genelinde dil engellerini aşarak iş verimliliğini artıran konuşma pratiği modelimizi ve başarı hikayelerimizi aktarmak için 10 dk ayırabilir misiniz?",Şişecam organizasyonel İngilizce gelişim standardı,"Merhaba Şengül,

Şişecam bünyesinde Glass / Manufacturing ölçeğinde büyürken, en sık karşılaşılan operasyonel engellerden biri dil bariyerleri olabiliyor. Özellikle: cam sanayi ve global operasyonlar nedeniyle Ingilizce gelisim programini olceklendirmek.

Geliştirdiğimiz 'Kurumsal Ingilizce gelisimini hizli pilotla test etme' modeliyle şirket genelinde konuşma odaklı gelişimi nasıl hızlandırdığımızı aktarmak isterim. Önümüzdeki günlerde 10 dakika ayırmanız mümkün mü?

Sevgiler,
Growth Automation Ekibi"
TR-HR-055,Neslihan Eroğlu,Kordsa,"Merhaba Neslihan, Kordsa için organizasyonel İngilizce gelişimini standardize edecek 'Kurumsal Ingilizce gelisimini hizli pilotla test etme' üzerine 2 haftalık risk taşımayan ücretsiz bir pilot hazırladık. İncelemek ister misiniz?",Kordsa için 2 haftalık İngilizce gelişim pilotu,"Merhaba Neslihan,

Kordsa liderlik ekibinde İnsan Kaynakları Genel Müdür Yardımcısı olarak, organizasyon genelinde İngilizce seviyesini standardize etmek ve bunu ölçülebilir kılmak istediğinizi tahmin ediyorum.

Bu kapsamda 'Kurumsal Ingilizce gelisimini hizli pilotla test etme' odaklı, risk barındırmayan 2 haftalık kurumsal bir pilot program kurguluyoruz. İlginizi çekerse detayları konuşmak üzere kısa bir kahve sohbeti planlayabiliriz.

Sevgiler,
Growth Automation Ekibi"
TR-HR-056,Tuğba Gök Nam,Brisa,"Selam Tuğba, Brisa genelinde dil engellerini aşarak iş verimliliğini artıran konuşma pratiği modelimizi ve başarı hikayelerimizi aktarmak için 10 dk ayırabilir misiniz?",Brisa organizasyonel İngilizce gelişim standardı,"Merhaba Tuğba,

Brisa bünyesinde Tire / Manufacturing ölçeğinde büyürken, en sık karşılaşılan operasyonel engellerden biri dil bariyerleri olabiliyor. Özellikle: lastik uretimi ve Bridgestone is birligi nedeniyle Ingilizce gelisim programini olceklendirmek.

Geliştirdiğimiz 'Kurumsal Ingilizce gelisimini hizli pilotla test etme' modeliyle şirket genelinde konuşma odaklı gelişimi nasıl hızlandırdığımızı aktarmak isterim. Önümüzdeki günlerde 10 dakika ayırmanız mümkün mü?

Sevgiler,
Growth Automation Ekibi"
TR-HR-057,Tuncay Pamuklu,Doğan Holding,"Merhaba Tuncay, Doğan Holding için organizasyonel İngilizce gelişimini standardize edecek 'Kurumsal Ingilizce gelisimini hizli pilotla test etme' üzerine 2 haftalık risk taşımayan ücretsiz bir pilot hazırladık. İncelemek ister misiniz?",Doğan Holding için 2 haftalık İngilizce gelişim pilotu,"Merhaba Tuncay,

Doğan Holding liderlik ekibinde İnsan Kaynakları Direktörü olarak, organizasyon genelinde İngilizce seviyesini standardize etmek ve bunu ölçülebilir kılmak istediğinizi tahmin ediyorum.

Bu kapsamda 'Kurumsal Ingilizce gelisimini hizli pilotla test etme' odaklı, risk barındırmayan 2 haftalık kurumsal bir pilot program kurguluyoruz. İlginizi çekerse detayları konuşmak üzere kısa bir kahve sohbeti planlayabiliriz.

Sevgiler,
Growth Automation Ekibi"
TR-HR-058,Abdulkerim Çay,Türk Hava Yolları,"Selam Abdulkerim, Türk Hava Yolları genelinde dil engellerini aşarak iş verimliliğini artıran konuşma pratiği modelimizi ve başarı hikayelerimizi aktarmak için 10 dk ayırabilir misiniz?",Türk Hava Yolları organizasyonel İngilizce gelişim standardı,"Merhaba Abdulkerim,

Türk Hava Yolları bünyesinde Airlines / Aviation ölçeğinde büyürken, en sık karşılaşılan operasyonel engellerden biri dil bariyerleri olabiliyor. Özellikle: global havayolu ve genis operasyon agi nedeniyle Ingilizce gelisim programini olceklendirmek.

Geliştirdiğimiz 'Kurumsal Ingilizce gelisimini hizli pilotla test etme' modeliyle şirket genelinde konuşma odaklı gelişimi nasıl hızlandırdığımızı aktarmak isterim. Önümüzdeki günlerde 10 dakika ayırmanız mümkün mü?

Sevgiler,
Growth Automation Ekibi"
TR-HR-059,Dilara Oğur,Pegasus Hava Yolları,"Merhaba Dilara, Pegasus Hava Yolları için organizasyonel İngilizce gelişimini standardize edecek 'Kurumsal Ingilizce gelisimini hizli pilotla test etme' üzerine 2 haftalık risk taşımayan ücretsiz bir pilot hazırladık. İncelemek ister misiniz?",Pegasus Hava Yolları için 2 haftalık İngilizce gelişim pilotu,"Merhaba Dilara,

Pegasus Hava Yolları liderlik ekibinde İnsan Kaynaklarından Sorumlu Genel Müdür Yardımcısı olarak, organizasyon genelinde İngilizce seviyesini standardize etmek ve bunu ölçülebilir kılmak istediğinizi tahmin ediyorum.

Bu kapsamda 'Kurumsal Ingilizce gelisimini hizli pilotla test etme' odaklı, risk barındırmayan 2 haftalık kurumsal bir pilot program kurguluyoruz. İlginizi çekerse detayları konuşmak üzere kısa bir kahve sohbeti planlayabiliriz.

Sevgiler,
Growth Automation Ekibi"
TR-HR-060,Berrin Yılmaz,Enerjisa,"Selam Berrin, çalışan memnuniyetini doğrudan artıran yan haklar kapsamında tasarladığımız konuşma koçu programını 2 haftalık ücretsiz pilotla test edebiliriz. Detaylar için uygun musunuz?",Enerjisa çalışan bağlılığı ve kişisel gelişim fırsatları,"Merhaba Berrin,

Şirket içi yetenekleri elde tutmak ve kariyer yollarını desteklemek, güçlü bir çalışan deneyiminden geçiyor. Bu noktada en çok karşılaşılan zorluk: Calisan bagliligini artiran, kisiye ozel gelisim benefit'i sunmak.

Konusarak Ogren ile sunduğumuz 'Calisan deneyimi benefit'i olarak esnek Ingilizce gelisimi' kurgusunu ve örnek başarı hikayelerini paylaşmak isterim. Bu hafta kısa bir telefon görüşmesi yapabilir miyiz?

Sevgiler,
Growth Automation Ekibi"
TR-HR-061,Önder Korkmaz,TÜPRAŞ,"Merhaba Önder, TÜPRAŞ için organizasyonel İngilizce gelişimini standardize edecek 'Kurumsal Ingilizce gelisimini hizli pilotla test etme' üzerine 2 haftalık risk taşımayan ücretsiz bir pilot hazırladık. İncelemek ister misiniz?",TÜPRAŞ için 2 haftalık İngilizce gelişim pilotu,"Merhaba Önder,

TÜPRAŞ liderlik ekibinde İnsan Kaynakları Genel Müdür Yardımcısı olarak, organizasyon genelinde İngilizce seviyesini standardize etmek ve bunu ölçülebilir kılmak istediğinizi tahmin ediyorum.

Bu kapsamda 'Kurumsal Ingilizce gelisimini hizli pilotla test etme' odaklı, risk barındırmayan 2 haftalık kurumsal bir pilot program kurguluyoruz. İlginizi çekerse detayları konuşmak üzere kısa bir kahve sohbeti planlayabiliriz.

Sevgiler,
Growth Automation Ekibi"
TR-HR-062,Gülay Savaşan,Aksa Enerji,"Selam Gülay, Aksa Enerji genelinde dil engellerini aşarak iş verimliliğini artıran konuşma pratiği modelimizi ve başarı hikayelerimizi aktarmak için 10 dk ayırabilir misiniz?",Aksa Enerji organizasyonel İngilizce gelişim standardı,"Merhaba Gülay,

Aksa Enerji bünyesinde Energy / Power ölçeğinde büyürken, en sık karşılaşılan operasyonel engellerden biri dil bariyerleri olabiliyor. Özellikle: enerji uretim ve yatirimlari nedeniyle Ingilizce gelisim programini olceklendirmek.

Geliştirdiğimiz 'Kurumsal Ingilizce gelisimini hizli pilotla test etme' modeliyle şirket genelinde konuşma odaklı gelişimi nasıl hızlandırdığımızı aktarmak isterim. Önümüzdeki günlerde 10 dakika ayırmanız mümkün mü?

Sevgiler,
Growth Automation Ekibi"
TR-HR-063,Burcu Cantekinler Koç,Unilever Türkiye,"Merhaba Burcu, Unilever Türkiye için organizasyonel İngilizce gelişimini standardize edecek 'Kurumsal Ingilizce gelisimini hizli pilotla test etme' üzerine 2 haftalık risk taşımayan ücretsiz bir pilot hazırladık. İncelemek ister misiniz?",Unilever Türkiye için 2 haftalık İngilizce gelişim pilotu,"Merhaba Burcu,

Unilever Türkiye liderlik ekibinde İnsan Kaynakları Başkanı olarak, organizasyon genelinde İngilizce seviyesini standardize etmek ve bunu ölçülebilir kılmak istediğinizi tahmin ediyorum.

Bu kapsamda 'Kurumsal Ingilizce gelisimini hizli pilotla test etme' odaklı, risk barındırmayan 2 haftalık kurumsal bir pilot program kurguluyoruz. İlginizi çekerse detayları konuşmak üzere kısa bir kahve sohbeti planlayabiliriz.

Sevgiler,
Growth Automation Ekibi"
TR-HR-064,Mısra Meriçten,P&G Türkiye,"Selam Mısra, P&G Türkiye genelinde dil engellerini aşarak iş verimliliğini artıran konuşma pratiği modelimizi ve başarı hikayelerimizi aktarmak için 10 dk ayırabilir misiniz?",P&G Türkiye organizasyonel İngilizce gelişim standardı,"Merhaba Mısra,

P&G Türkiye bünyesinde FMCG / Consumer goods ölçeğinde büyürken, en sık karşılaşılan operasyonel engellerden biri dil bariyerleri olabiliyor. Özellikle: global standartlar ve liderlik gelisimi nedeniyle Ingilizce gelisim programini olceklendirmek.

Geliştirdiğimiz 'Kurumsal Ingilizce gelisimini hizli pilotla test etme' modeliyle şirket genelinde konuşma odaklı gelişimi nasıl hızlandırdığımızı aktarmak isterim. Önümüzdeki günlerde 10 dakika ayırmanız mümkün mü?

Sevgiler,
Growth Automation Ekibi"
TR-HR-065,Burak Gürcan,Coca-Cola İçecek,"Merhaba Burak, Coca-Cola İçecek için organizasyonel İngilizce gelişimini standardize edecek 'Kurumsal Ingilizce gelisimini hizli pilotla test etme' üzerine 2 haftalık risk taşımayan ücretsiz bir pilot hazırladık. İncelemek ister misiniz?",Coca-Cola İçecek için 2 haftalık İngilizce gelişim pilotu,"Merhaba Burak,

Coca-Cola İçecek liderlik ekibinde İnsan Kaynaklarından Sorumlu İcra Kurulu Üyesi olarak, organizasyon genelinde İngilizce seviyesini standardize etmek ve bunu ölçülebilir kılmak istediğinizi tahmin ediyorum.

Bu kapsamda 'Kurumsal Ingilizce gelisimini hizli pilotla test etme' odaklı, risk barındırmayan 2 haftalık kurumsal bir pilot program kurguluyoruz. İlginizi çekerse detayları konuşmak üzere kısa bir kahve sohbeti planlayabiliriz.

Sevgiler,
Growth Automation Ekibi"
TR-HR-066,Oktay Cömert,Nestlé Türkiye,"Selam Oktay, Nestlé Türkiye genelinde dil engellerini aşarak iş verimliliğini artıran konuşma pratiği modelimizi ve başarı hikayelerimizi aktarmak için 10 dk ayırabilir misiniz?",Nestlé Türkiye organizasyonel İngilizce gelişim standardı,"Merhaba Oktay,

Nestlé Türkiye bünyesinde FMCG / Food ölçeğinde büyürken, en sık karşılaşılan operasyonel engellerden biri dil bariyerleri olabiliyor. Özellikle: global gida sirketi ve surdurulebilirlik nedeniyle Ingilizce gelisim programini olceklendirmek.

Geliştirdiğimiz 'Kurumsal Ingilizce gelisimini hizli pilotla test etme' modeliyle şirket genelinde konuşma odaklı gelişimi nasıl hızlandırdığımızı aktarmak isterim. Önümüzdeki günlerde 10 dakika ayırmanız mümkün mü?

Sevgiler,
Growth Automation Ekibi"
TR-HR-067,Oğuzhan Besli,Anadolu Efes,"Merhaba Oğuzhan, Anadolu Efes için organizasyonel İngilizce gelişimini standardize edecek 'Kurumsal Ingilizce gelisimini hizli pilotla test etme' üzerine 2 haftalık risk taşımayan ücretsiz bir pilot hazırladık. İncelemek ister misiniz?",Anadolu Efes için 2 haftalık İngilizce gelişim pilotu,"Merhaba Oğuzhan,

Anadolu Efes liderlik ekibinde Türkiye İnsan Kaynakları Direktörü olarak, organizasyon genelinde İngilizce seviyesini standardize etmek ve bunu ölçülebilir kılmak istediğinizi tahmin ediyorum.

Bu kapsamda 'Kurumsal Ingilizce gelisimini hizli pilotla test etme' odaklı, risk barındırmayan 2 haftalık kurumsal bir pilot program kurguluyoruz. İlginizi çekerse detayları konuşmak üzere kısa bir kahve sohbeti planlayabiliriz.

Sevgiler,
Growth Automation Ekibi"
TR-HR-068,Eylem Özgür,Ülker / Yıldız Holding,"Selam Eylem, Ülker / Yıldız Holding genelinde dil engellerini aşarak iş verimliliğini artıran konuşma pratiği modelimizi ve başarı hikayelerimizi aktarmak için 10 dk ayırabilir misiniz?",Ülker / Yıldız Holding organizasyonel İngilizce gelişim standardı,"Merhaba Eylem,

Ülker / Yıldız Holding bünyesinde FMCG / Food ölçeğinde büyürken, en sık karşılaşılan operasyonel engellerden biri dil bariyerleri olabiliyor. Özellikle: gida uretimi ve global marka portfoyu nedeniyle Ingilizce gelisim programini olceklendirmek.

Geliştirdiğimiz 'Kurumsal Ingilizce gelisimini hizli pilotla test etme' modeliyle şirket genelinde konuşma odaklı gelişimi nasıl hızlandırdığımızı aktarmak isterim. Önümüzdeki günlerde 10 dakika ayırmanız mümkün mü?

Sevgiler,
Growth Automation Ekibi"
TR-HR-069,Umut Günal,Koç Holding,"Merhaba Umut, Koç Holding için organizasyonel İngilizce gelişimini standardize edecek 'Kurumsal Ingilizce gelisimini hizli pilotla test etme' üzerine 2 haftalık risk taşımayan ücretsiz bir pilot hazırladık. İncelemek ister misiniz?",Koç Holding için 2 haftalık İngilizce gelişim pilotu,"Merhaba Umut,

Koç Holding liderlik ekibinde İnsan Kaynakları Direktörü olarak, organizasyon genelinde İngilizce seviyesini standardize etmek ve bunu ölçülebilir kılmak istediğinizi tahmin ediyorum.

Bu kapsamda 'Kurumsal Ingilizce gelisimini hizli pilotla test etme' odaklı, risk barındırmayan 2 haftalık kurumsal bir pilot program kurguluyoruz. İlginizi çekerse detayları konuşmak üzere kısa bir kahve sohbeti planlayabiliriz.

Sevgiler,
Growth Automation Ekibi"
TR-HR-070,Yeşim Özlale Önen,Sabancı Holding,"Selam Yeşim, Sabancı Holding genelinde dil engellerini aşarak iş verimliliğini artıran konuşma pratiği modelimizi ve başarı hikayelerimizi aktarmak için 10 dk ayırabilir misiniz?",Sabancı Holding organizasyonel İngilizce gelişim standardı,"Merhaba Yeşim,

Sabancı Holding bünyesinde Unknown ölçeğinde büyürken, en sık karşılaşılan operasyonel engellerden biri dil bariyerleri olabiliyor. Özellikle: buyuyen ekip yapisi nedeniyle Ingilizce gelisim programini olceklendirmek.

Geliştirdiğimiz 'Kurumsal Ingilizce gelisimini hizli pilotla test etme' modeliyle şirket genelinde konuşma odaklı gelişimi nasıl hızlandırdığımızı aktarmak isterim. Önümüzdeki günlerde 10 dakika ayırmanız mümkün mü?

Sevgiler,
Growth Automation Ekibi"
TR-HR-071,Hakan Timur,Zorlu Holding,"Merhaba Hakan, Zorlu Holding için organizasyonel İngilizce gelişimini standardize edecek 'Kurumsal Ingilizce gelisimini hizli pilotla test etme' üzerine 2 haftalık risk taşımayan ücretsiz bir pilot hazırladık. İncelemek ister misiniz?",Zorlu Holding için 2 haftalık İngilizce gelişim pilotu,"Merhaba Hakan,

Zorlu Holding liderlik ekibinde İnsan Kaynakları Grubu Başkanı olarak, organizasyon genelinde İngilizce seviyesini standardize etmek ve bunu ölçülebilir kılmak istediğinizi tahmin ediyorum.

Bu kapsamda 'Kurumsal Ingilizce gelisimini hizli pilotla test etme' odaklı, risk barındırmayan 2 haftalık kurumsal bir pilot program kurguluyoruz. İlginizi çekerse detayları konuşmak üzere kısa bir kahve sohbeti planlayabiliriz.

Sevgiler,
Growth Automation Ekibi"
TR-HR-072,Evrim Bayam,Eczacıbaşı Holding,"Selam Evrim, Eczacıbaşı Holding genelinde dil engellerini aşarak iş verimliliğini artıran konuşma pratiği modelimizi ve başarı hikayelerimizi aktarmak için 10 dk ayırabilir misiniz?",Eczacıbaşı Holding organizasyonel İngilizce gelişim standardı,"Merhaba Evrim,

Eczacıbaşı Holding bünyesinde Unknown ölçeğinde büyürken, en sık karşılaşılan operasyonel engellerden biri dil bariyerleri olabiliyor. Özellikle: buyuyen ekip yapisi nedeniyle Ingilizce gelisim programini olceklendirmek.

Geliştirdiğimiz 'Kurumsal Ingilizce gelisimini hizli pilotla test etme' modeliyle şirket genelinde konuşma odaklı gelişimi nasıl hızlandırdığımızı aktarmak isterim. Önümüzdeki günlerde 10 dakika ayırmanız mümkün mü?

Sevgiler,
Growth Automation Ekibi"
TR-HR-073,Özge Bozkurt Altın,Kalyon Holding,"Merhaba Özge, Kalyon Holding için organizasyonel İngilizce gelişimini standardize edecek 'Kurumsal Ingilizce gelisimini hizli pilotla test etme' üzerine 2 haftalık risk taşımayan ücretsiz bir pilot hazırladık. İncelemek ister misiniz?",Kalyon Holding için 2 haftalık İngilizce gelişim pilotu,"Merhaba Özge,

Kalyon Holding liderlik ekibinde İnsan Kaynakları Grup Başkanı olarak, organizasyon genelinde İngilizce seviyesini standardize etmek ve bunu ölçülebilir kılmak istediğinizi tahmin ediyorum.

Bu kapsamda 'Kurumsal Ingilizce gelisimini hizli pilotla test etme' odaklı, risk barındırmayan 2 haftalık kurumsal bir pilot program kurguluyoruz. İlginizi çekerse detayları konuşmak üzere kısa bir kahve sohbeti planlayabiliriz.

Sevgiler,
Growth Automation Ekibi"
TR-HR-074,Melis Tunaveli,TAV Havalimanları,"Selam Melis, TAV Havalimanları genelinde dil engellerini aşarak iş verimliliğini artıran konuşma pratiği modelimizi ve başarı hikayelerimizi aktarmak için 10 dk ayırabilir misiniz?",TAV Havalimanları organizasyonel İngilizce gelişim standardı,"Merhaba Melis,

TAV Havalimanları bünyesinde Aviation / Infrastructure ölçeğinde büyürken, en sık karşılaşılan operasyonel engellerden biri dil bariyerleri olabiliyor. Özellikle: havalimani isletme ve global operasyonlar nedeniyle Ingilizce gelisim programini olceklendirmek.

Geliştirdiğimiz 'Kurumsal Ingilizce gelisimini hizli pilotla test etme' modeliyle şirket genelinde konuşma odaklı gelişimi nasıl hızlandırdığımızı aktarmak isterim. Önümüzdeki günlerde 10 dakika ayırmanız mümkün mü?

Sevgiler,
Growth Automation Ekibi"
TR-HR-075,Yalçın Cihan Bicioğlu,Doğuş Otomotiv,"Merhaba Yalçın, Doğuş Otomotiv için organizasyonel İngilizce gelişimini standardize edecek 'Kurumsal Ingilizce gelisimini hizli pilotla test etme' üzerine 2 haftalık risk taşımayan ücretsiz bir pilot hazırladık. İncelemek ister misiniz?",Doğuş Otomotiv için 2 haftalık İngilizce gelişim pilotu,"Merhaba Yalçın,

Doğuş Otomotiv liderlik ekibinde İnsan Kaynakları ve Süreç Yönetimi Direktörü olarak, organizasyon genelinde İngilizce seviyesini standardize etmek ve bunu ölçülebilir kılmak istediğinizi tahmin ediyorum.

Bu kapsamda 'Kurumsal Ingilizce gelisimini hizli pilotla test etme' odaklı, risk barındırmayan 2 haftalık kurumsal bir pilot program kurguluyoruz. İlginizi çekerse detayları konuşmak üzere kısa bir kahve sohbeti planlayabiliriz.

Sevgiler,
Growth Automation Ekibi"
TR-HR-076,Dr. M. Oğuzcan Bülbül,Abdi İbrahim,"Selam Dr., Abdi İbrahim genelinde dil engellerini aşarak iş verimliliğini artıran konuşma pratiği modelimizi ve başarı hikayelerimizi aktarmak için 10 dk ayırabilir misiniz?",Abdi İbrahim organizasyonel İngilizce gelişim standardı,"Merhaba Dr.,

Abdi İbrahim bünyesinde Pharma / Healthcare ölçeğinde büyürken, en sık karşılaşılan operasyonel engellerden biri dil bariyerleri olabiliyor. Özellikle: ilac sanayi ve uluslararasi buyume nedeniyle Ingilizce gelisim programini olceklendirmek.

Geliştirdiğimiz 'Kurumsal Ingilizce gelisimini hizli pilotla test etme' modeliyle şirket genelinde konuşma odaklı gelişimi nasıl hızlandırdığımızı aktarmak isterim. Önümüzdeki günlerde 10 dakika ayırmanız mümkün mü?

Sevgiler,
Growth Automation Ekibi"
TR-HR-077,Ayşe Eralp,Abdi İbrahim,"Merhaba Ayşe, Abdi İbrahim için organizasyonel İngilizce gelişimini standardize edecek 'Kurumsal Ingilizce gelisimini hizli pilotla test etme' üzerine 2 haftalık risk taşımayan ücretsiz bir pilot hazırladık. İncelemek ister misiniz?",Abdi İbrahim için 2 haftalık İngilizce gelişim pilotu,"Merhaba Ayşe,

Abdi İbrahim liderlik ekibinde Uluslararası Pazarlar İnsan Kaynakları Direktörü olarak, organizasyon genelinde İngilizce seviyesini standardize etmek ve bunu ölçülebilir kılmak istediğinizi tahmin ediyorum.

Bu kapsamda 'Kurumsal Ingilizce gelisimini hizli pilotla test etme' odaklı, risk barındırmayan 2 haftalık kurumsal bir pilot program kurguluyoruz. İlginizi çekerse detayları konuşmak üzere kısa bir kahve sohbeti planlayabiliriz.

Sevgiler,
Growth Automation Ekibi"
TR-HR-078,Kader Gönül Karaca,Eczacıbaşı Sağlık,"Selam Kader, Eczacıbaşı Sağlık genelinde dil engellerini aşarak iş verimliliğini artıran konuşma pratiği modelimizi ve başarı hikayelerimizi aktarmak için 10 dk ayırabilir misiniz?",Eczacıbaşı Sağlık organizasyonel İngilizce gelişim standardı,"Merhaba Kader,

Eczacıbaşı Sağlık bünyesinde Healthcare / Pharma ölçeğinde büyürken, en sık karşılaşılan operasyonel engellerden biri dil bariyerleri olabiliyor. Özellikle: saglik urunleri ve ilac nedeniyle Ingilizce gelisim programini olceklendirmek.

Geliştirdiğimiz 'Kurumsal Ingilizce gelisimini hizli pilotla test etme' modeliyle şirket genelinde konuşma odaklı gelişimi nasıl hızlandırdığımızı aktarmak isterim. Önümüzdeki günlerde 10 dakika ayırmanız mümkün mü?

Sevgiler,
Growth Automation Ekibi"
TR-HR-079,Demet Gürsoy,Medicana Sağlık Grubu,"Merhaba Demet, Medicana Sağlık Grubu için organizasyonel İngilizce gelişimini standardize edecek 'Kurumsal Ingilizce gelisimini hizli pilotla test etme' üzerine 2 haftalık risk taşımayan ücretsiz bir pilot hazırladık. İncelemek ister misiniz?",Medicana Sağlık Grubu için 2 haftalık İngilizce gelişim pilotu,"Merhaba Demet,

Medicana Sağlık Grubu liderlik ekibinde İnsan Kaynakları Grup Başkanı olarak, organizasyon genelinde İngilizce seviyesini standardize etmek ve bunu ölçülebilir kılmak istediğinizi tahmin ediyorum.

Bu kapsamda 'Kurumsal Ingilizce gelisimini hizli pilotla test etme' odaklı, risk barındırmayan 2 haftalık kurumsal bir pilot program kurguluyoruz. İlginizi çekerse detayları konuşmak üzere kısa bir kahve sohbeti planlayabiliriz.

Sevgiler,
Growth Automation Ekibi"
TR-HR-080,Gökben Saraç Özalp,Acıbadem Sağlık Grubu,"Selam Gökben, Acıbadem Sağlık Grubu genelinde dil engellerini aşarak iş verimliliğini artıran konuşma pratiği modelimizi ve başarı hikayelerimizi aktarmak için 10 dk ayırabilir misiniz?",Acıbadem Sağlık Grubu organizasyonel İngilizce gelişim standardı,"Merhaba Gökben,

Acıbadem Sağlık Grubu bünyesinde Healthcare / Hospitals ölçeğinde büyürken, en sık karşılaşılan operasyonel engellerden biri dil bariyerleri olabiliyor. Özellikle: premium saglik hizmetleri nedeniyle Ingilizce gelisim programini olceklendirmek.

Geliştirdiğimiz 'Kurumsal Ingilizce gelisimini hizli pilotla test etme' modeliyle şirket genelinde konuşma odaklı gelişimi nasıl hızlandırdığımızı aktarmak isterim. Önümüzdeki günlerde 10 dakika ayırmanız mümkün mü?

Sevgiler,
Growth Automation Ekibi"
TR-HR-081,Muhammed Ali Işık,ASELSAN,"Merhaba Muhammed, ASELSAN için organizasyonel İngilizce gelişimini standardize edecek 'Kurumsal Ingilizce gelisimini hizli pilotla test etme' üzerine 2 haftalık risk taşımayan ücretsiz bir pilot hazırladık. İncelemek ister misiniz?",ASELSAN için 2 haftalık İngilizce gelişim pilotu,"Merhaba Muhammed,

ASELSAN liderlik ekibinde İnsan Kaynakları Direktörü olarak, organizasyon genelinde İngilizce seviyesini standardize etmek ve bunu ölçülebilir kılmak istediğinizi tahmin ediyorum.

Bu kapsamda 'Kurumsal Ingilizce gelisimini hizli pilotla test etme' odaklı, risk barındırmayan 2 haftalık kurumsal bir pilot program kurguluyoruz. İlginizi çekerse detayları konuşmak üzere kısa bir kahve sohbeti planlayabiliriz.

Sevgiler,
Growth Automation Ekibi"
TR-HR-082,Oğuzhan Coşkunyürek,HAVELSAN,"Selam Oğuzhan, HAVELSAN genelinde dil engellerini aşarak iş verimliliğini artıran konuşma pratiği modelimizi ve başarı hikayelerimizi aktarmak için 10 dk ayırabilir misiniz?",HAVELSAN organizasyonel İngilizce gelişim standardı,"Merhaba Oğuzhan,

HAVELSAN bünyesinde Defense / Technology ölçeğinde büyürken, en sık karşılaşılan operasyonel engellerden biri dil bariyerleri olabiliyor. Özellikle: savunma yazilimi ve siber guvenlik nedeniyle Ingilizce gelisim programini olceklendirmek.

Geliştirdiğimiz 'Kurumsal Ingilizce gelisimini hizli pilotla test etme' modeliyle şirket genelinde konuşma odaklı gelişimi nasıl hızlandırdığımızı aktarmak isterim. Önümüzdeki günlerde 10 dakika ayırmanız mümkün mü?

Sevgiler,
Growth Automation Ekibi"
TR-HR-083,Zeynep Ergenç,AXA Sigorta,"Merhaba Zeynep, AXA Sigorta için organizasyonel İngilizce gelişimini standardize edecek 'Kurumsal Ingilizce gelisimini hizli pilotla test etme' üzerine 2 haftalık risk taşımayan ücretsiz bir pilot hazırladık. İncelemek ister misiniz?",AXA Sigorta için 2 haftalık İngilizce gelişim pilotu,"Merhaba Zeynep,

AXA Sigorta liderlik ekibinde İnsan Kaynakları Direktörü ve İcra Kurulu Üyesi olarak, organizasyon genelinde İngilizce seviyesini standardize etmek ve bunu ölçülebilir kılmak istediğinizi tahmin ediyorum.

Bu kapsamda 'Kurumsal Ingilizce gelisimini hizli pilotla test etme' odaklı, risk barındırmayan 2 haftalık kurumsal bir pilot program kurguluyoruz. İlginizi çekerse detayları konuşmak üzere kısa bir kahve sohbeti planlayabiliriz.

Sevgiler,
Growth Automation Ekibi"
TR-HR-084,Yiğitcan Bozoğlu,Aras Kargo,"Selam Yiğitcan, çalışan memnuniyetini doğrudan artıran yan haklar kapsamında tasarladığımız konuşma koçu programını 2 haftalık ücretsiz pilotla test edebiliriz. Detaylar için uygun musunuz?",Aras Kargo çalışan bağlılığı ve kişisel gelişim fırsatları,"Merhaba Yiğitcan,

Şirket içi yetenekleri elde tutmak ve kariyer yollarını desteklemek, güçlü bir çalışan deneyiminden geçiyor. Bu noktada en çok karşılaşılan zorluk: Calisan bagliligini artiran, kisiye ozel gelisim benefit'i sunmak.

Konusarak Ogren ile sunduğumuz 'Calisan deneyimi benefit'i olarak esnek Ingilizce gelisimi' kurgusunu ve örnek başarı hikayelerini paylaşmak isterim. Bu hafta kısa bir telefon görüşmesi yapabilir miyiz?

Sevgiler,
Growth Automation Ekibi"
TR-HR-085,Salih Kayıkçıoğlu,Yurtiçi Kargo,"Merhaba Salih, Yurtiçi Kargo L&D süreçlerinde katılımı artıracak konuşma odaklı İngilizce eğitimi tasarlıyoruz. Gündeminizde 'Calisanlara olculebilir, olceklenebilir ve yogun programa uyumlu Ingilizce gelisim yolu kurmak' varsa kısa bir görüşme planlayabiliriz.",Yurtiçi Kargo L&D: Konuşma odaklı İngilizce gelişiminde ROI,"Merhaba Salih,

Geleneksel kurumsal İngilizce eğitimlerinde katılım ve tamamlanma oranları genellikle düşük kalıyor. L&D lideri olarak hedefinizin 'Calisanlara olculebilir, olceklenebilir ve yogun programa uyumlu Ingilizce gelisim yolu kurmak' olduğunu tahmin ediyorum.

Konusarak Ogren olarak geliştirdiğimiz birebir konuşma pratiği modeliyle katılım oranlarını %85'in üzerine çıkarıyoruz. Yurtiçi Kargo ekipleri için 'L&D programlarina olculebilir konusma pratigi katmani' üzerine konuşmak için önümüzdeki hafta uygun musunuz?

Sevgiler,
Growth Automation Ekibi"
TR-HR-086,Selim Tunç,Hyundai Assan,"Selam Selim, Hyundai Assan genelinde dil engellerini aşarak iş verimliliğini artıran konuşma pratiği modelimizi ve başarı hikayelerimizi aktarmak için 10 dk ayırabilir misiniz?",Hyundai Assan organizasyonel İngilizce gelişim standardı,"Merhaba Selim,

Hyundai Assan bünyesinde Automotive / Manufacturing ölçeğinde büyürken, en sık karşılaşılan operasyonel engellerden biri dil bariyerleri olabiliyor. Özellikle: otomotiv uretim ve ihracat nedeniyle Ingilizce gelisim programini olceklendirmek.

Geliştirdiğimiz 'Kurumsal Ingilizce gelisimini hizli pilotla test etme' modeliyle şirket genelinde konuşma odaklı gelişimi nasıl hızlandırdığımızı aktarmak isterim. Önümüzdeki günlerde 10 dakika ayırmanız mümkün mü?

Sevgiler,
Growth Automation Ekibi"
TR-HR-087,Tolga Büyükçelik,Hyundai Assan,"Merhaba Tolga, Hyundai Assan için organizasyonel İngilizce gelişimini standardize edecek 'Kurumsal Ingilizce gelisimini hizli pilotla test etme' üzerine 2 haftalık risk taşımayan ücretsiz bir pilot hazırladık. İncelemek ister misiniz?",Hyundai Assan için 2 haftalık İngilizce gelişim pilotu,"Merhaba Tolga,

Hyundai Assan liderlik ekibinde İnsan Kaynakları Planlama Bölüm Müdürü olarak, organizasyon genelinde İngilizce seviyesini standardize etmek ve bunu ölçülebilir kılmak istediğinizi tahmin ediyorum.

Bu kapsamda 'Kurumsal Ingilizce gelisimini hizli pilotla test etme' odaklı, risk barındırmayan 2 haftalık kurumsal bir pilot program kurguluyoruz. İlginizi çekerse detayları konuşmak üzere kısa bir kahve sohbeti planlayabiliriz.

Sevgiler,
Growth Automation Ekibi"
TR-HR-088,Yakup İlkadlı,Kalyon Holding,"Selam Yakup, Kalyon Holding genelinde dil engellerini aşarak iş verimliliğini artıran konuşma pratiği modelimizi ve başarı hikayelerimizi aktarmak için 10 dk ayırabilir misiniz?",Kalyon Holding organizasyonel İngilizce gelişim standardı,"Merhaba Yakup,

Kalyon Holding bünyesinde Unknown ölçeğinde büyürken, en sık karşılaşılan operasyonel engellerden biri dil bariyerleri olabiliyor. Özellikle: buyuyen ekip yapisi nedeniyle Ingilizce gelisim programini olceklendirmek.

Geliştirdiğimiz 'Kurumsal Ingilizce gelisimini hizli pilotla test etme' modeliyle şirket genelinde konuşma odaklı gelişimi nasıl hızlandırdığımızı aktarmak isterim. Önümüzdeki günlerde 10 dakika ayırmanız mümkün mü?

Sevgiler,
Growth Automation Ekibi"
TR-HR-089,Ebubekir Karabulut,Medicana Sağlık Grubu,"Merhaba Ebubekir, Medicana Sağlık Grubu için organizasyonel İngilizce gelişimini standardize edecek 'Kurumsal Ingilizce gelisimini hizli pilotla test etme' üzerine 2 haftalık risk taşımayan ücretsiz bir pilot hazırladık. İncelemek ister misiniz?",Medicana Sağlık Grubu için 2 haftalık İngilizce gelişim pilotu,"Merhaba Ebubekir,

Medicana Sağlık Grubu liderlik ekibinde İnsan Kaynakları Direktörü olarak, organizasyon genelinde İngilizce seviyesini standardize etmek ve bunu ölçülebilir kılmak istediğinizi tahmin ediyorum.

Bu kapsamda 'Kurumsal Ingilizce gelisimini hizli pilotla test etme' odaklı, risk barındırmayan 2 haftalık kurumsal bir pilot program kurguluyoruz. İlginizi çekerse detayları konuşmak üzere kısa bir kahve sohbeti planlayabiliriz.

Sevgiler,
Growth Automation Ekibi"
TR-HR-090,Sevil Kayaş Yılmaz,Danone Türkiye,"Selam Sevil, Danone Türkiye genelinde dil engellerini aşarak iş verimliliğini artıran konuşma pratiği modelimizi ve başarı hikayelerimizi aktarmak için 10 dk ayırabilir misiniz?",Danone Türkiye organizasyonel İngilizce gelişim standardı,"Merhaba Sevil,

Danone Türkiye bünyesinde FMCG / Food ölçeğinde büyürken, en sık karşılaşılan operasyonel engellerden biri dil bariyerleri olabiliyor. Özellikle: global gida sirketi ve beslenme odakli buyume nedeniyle Ingilizce gelisim programini olceklendirmek.

Geliştirdiğimiz 'Kurumsal Ingilizce gelisimini hizli pilotla test etme' modeliyle şirket genelinde konuşma odaklı gelişimi nasıl hızlandırdığımızı aktarmak isterim. Önümüzdeki günlerde 10 dakika ayırmanız mümkün mü?

Sevgiler,
Growth Automation Ekibi"
TR-HR-091,Tülin Çalhan,Yurtiçi Kargo,"Merhaba Tülin, Yurtiçi Kargo için organizasyonel İngilizce gelişimini standardize edecek 'Kurumsal Ingilizce gelisimini hizli pilotla test etme' üzerine 2 haftalık risk taşımayan ücretsiz bir pilot hazırladık. İncelemek ister misiniz?",Yurtiçi Kargo için 2 haftalık İngilizce gelişim pilotu,"Merhaba Tülin,

Yurtiçi Kargo liderlik ekibinde İnsan Kaynakları Müdürü olarak, organizasyon genelinde İngilizce seviyesini standardize etmek ve bunu ölçülebilir kılmak istediğinizi tahmin ediyorum.

Bu kapsamda 'Kurumsal Ingilizce gelisimini hizli pilotla test etme' odaklı, risk barındırmayan 2 haftalık kurumsal bir pilot program kurguluyoruz. İlginizi çekerse detayları konuşmak üzere kısa bir kahve sohbeti planlayabiliriz.

Sevgiler,
Growth Automation Ekibi"
TR-HR-092,Nilüfer Değirmenci,Teknosa,"Selam Nilüfer, Teknosa genelinde dil engellerini aşarak iş verimliliğini artıran konuşma pratiği modelimizi ve başarı hikayelerimizi aktarmak için 10 dk ayırabilir misiniz?",Teknosa organizasyonel İngilizce gelişim standardı,"Merhaba Nilüfer,

Teknosa bünyesinde Retail / Electronics ölçeğinde büyürken, en sık karşılaşılan operasyonel engellerden biri dil bariyerleri olabiliyor. Özellikle: teknoloji perakende ve dijital donusum nedeniyle Ingilizce gelisim programini olceklendirmek.

Geliştirdiğimiz 'Kurumsal Ingilizce gelisimini hizli pilotla test etme' modeliyle şirket genelinde konuşma odaklı gelişimi nasıl hızlandırdığımızı aktarmak isterim. Önümüzdeki günlerde 10 dakika ayırmanız mümkün mü?

Sevgiler,
Growth Automation Ekibi"
TR-HR-093,Seçil Namruk,MediaMarkt Türkiye,"Merhaba Seçil, MediaMarkt Türkiye için organizasyonel İngilizce gelişimini standardize edecek 'Kurumsal Ingilizce gelisimini hizli pilotla test etme' üzerine 2 haftalık risk taşımayan ücretsiz bir pilot hazırladık. İncelemek ister misiniz?",MediaMarkt Türkiye için 2 haftalık İngilizce gelişim pilotu,"Merhaba Seçil,

MediaMarkt Türkiye liderlik ekibinde İnsan Kaynakları Direktörü ve İcra Kurulu Üyesi olarak, organizasyon genelinde İngilizce seviyesini standardize etmek ve bunu ölçülebilir kılmak istediğinizi tahmin ediyorum.

Bu kapsamda 'Kurumsal Ingilizce gelisimini hizli pilotla test etme' odaklı, risk barındırmayan 2 haftalık kurumsal bir pilot program kurguluyoruz. İlginizi çekerse detayları konuşmak üzere kısa bir kahve sohbeti planlayabiliriz.

Sevgiler,
Growth Automation Ekibi"
TR-HR-094,Sebla Oran Palut,Koton,"Selam Sebla, Koton genelinde dil engellerini aşarak iş verimliliğini artıran konuşma pratiği modelimizi ve başarı hikayelerimizi aktarmak için 10 dk ayırabilir misiniz?",Koton organizasyonel İngilizce gelişim standardı,"Merhaba Sebla,

Koton bünyesinde Retail / Fashion ölçeğinde büyürken, en sık karşılaşılan operasyonel engellerden biri dil bariyerleri olabiliyor. Özellikle: hizli moda ve uluslararasi buyume nedeniyle Ingilizce gelisim programini olceklendirmek.

Geliştirdiğimiz 'Kurumsal Ingilizce gelisimini hizli pilotla test etme' modeliyle şirket genelinde konuşma odaklı gelişimi nasıl hızlandırdığımızı aktarmak isterim. Önümüzdeki günlerde 10 dakika ayırmanız mümkün mü?

Sevgiler,
Growth Automation Ekibi"
TR-HR-095,Hüseyin Çolak,FLO Mağazacılık,"Merhaba Hüseyin, FLO Mağazacılık için organizasyonel İngilizce gelişimini standardize edecek 'Kurumsal Ingilizce gelisimini hizli pilotla test etme' üzerine 2 haftalık risk taşımayan ücretsiz bir pilot hazırladık. İncelemek ister misiniz?",FLO Mağazacılık için 2 haftalık İngilizce gelişim pilotu,"Merhaba Hüseyin,

FLO Mağazacılık liderlik ekibinde İnsan Kaynakları Genel Müdür Yardımcısı olarak, organizasyon genelinde İngilizce seviyesini standardize etmek ve bunu ölçülebilir kılmak istediğinizi tahmin ediyorum.

Bu kapsamda 'Kurumsal Ingilizce gelisimini hizli pilotla test etme' odaklı, risk barındırmayan 2 haftalık kurumsal bir pilot program kurguluyoruz. İlginizi çekerse detayları konuşmak üzere kısa bir kahve sohbeti planlayabiliriz.

Sevgiler,
Growth Automation Ekibi"
TR-HR-096,İrem Çalık,Otokoç Otomotiv,"Selam İrem, Otokoç Otomotiv genelinde dil engellerini aşarak iş verimliliğini artıran konuşma pratiği modelimizi ve başarı hikayelerimizi aktarmak için 10 dk ayırabilir misiniz?",Otokoç Otomotiv organizasyonel İngilizce gelişim standardı,"Merhaba İrem,

Otokoç Otomotiv bünyesinde Automotive / Rental ölçeğinde büyürken, en sık karşılaşılan operasyonel engellerden biri dil bariyerleri olabiliyor. Özellikle: otomotiv dagitim ve filo yonetimi nedeniyle Ingilizce gelisim programini olceklendirmek.

Geliştirdiğimiz 'Kurumsal Ingilizce gelisimini hizli pilotla test etme' modeliyle şirket genelinde konuşma odaklı gelişimi nasıl hızlandırdığımızı aktarmak isterim. Önümüzdeki günlerde 10 dakika ayırmanız mümkün mü?

Sevgiler,
Growth Automation Ekibi"
TR-HR-097,Selim Arda Üçer,Penti,"Merhaba Selim, Penti için organizasyonel İngilizce gelişimini standardize edecek 'Kurumsal Ingilizce gelisimini hizli pilotla test etme' üzerine 2 haftalık risk taşımayan ücretsiz bir pilot hazırladık. İncelemek ister misiniz?",Penti için 2 haftalık İngilizce gelişim pilotu,"Merhaba Selim,

Penti liderlik ekibinde Chief Operating Officer (eski İK Direktörü) olarak, organizasyon genelinde İngilizce seviyesini standardize etmek ve bunu ölçülebilir kılmak istediğinizi tahmin ediyorum.

Bu kapsamda 'Kurumsal Ingilizce gelisimini hizli pilotla test etme' odaklı, risk barındırmayan 2 haftalık kurumsal bir pilot program kurguluyoruz. İlginizi çekerse detayları konuşmak üzere kısa bir kahve sohbeti planlayabiliriz.

Sevgiler,
Growth Automation Ekibi"
TR-HR-098,Pınar Anapa,Şekerbank,"Selam Pınar, Şekerbank genelinde dil engellerini aşarak iş verimliliğini artıran konuşma pratiği modelimizi ve başarı hikayelerimizi aktarmak için 10 dk ayırabilir misiniz?",Şekerbank organizasyonel İngilizce gelişim standardı,"Merhaba Pınar,

Şekerbank bünyesinde Banking / Finance ölçeğinde büyürken, en sık karşılaşılan operasyonel engellerden biri dil bariyerleri olabiliyor. Özellikle: KOBi bankaciligi ve tarim bankaciligi nedeniyle Ingilizce gelisim programini olceklendirmek.

Geliştirdiğimiz 'Kurumsal Ingilizce gelisimini hizli pilotla test etme' modeliyle şirket genelinde konuşma odaklı gelişimi nasıl hızlandırdığımızı aktarmak isterim. Önümüzdeki günlerde 10 dakika ayırmanız mümkün mü?

Sevgiler,
Growth Automation Ekibi"
TR-HR-099,Gözde Turan Aygör,AXA Sigorta,"Merhaba Gözde, AXA Sigorta için organizasyonel İngilizce gelişimini standardize edecek 'Kurumsal Ingilizce gelisimini hizli pilotla test etme' üzerine 2 haftalık risk taşımayan ücretsiz bir pilot hazırladık. İncelemek ister misiniz?",AXA Sigorta için 2 haftalık İngilizce gelişim pilotu,"Merhaba Gözde,

AXA Sigorta liderlik ekibinde İnsan Kaynakları İş Ortaklığı Müdürü olarak, organizasyon genelinde İngilizce seviyesini standardize etmek ve bunu ölçülebilir kılmak istediğinizi tahmin ediyorum.

Bu kapsamda 'Kurumsal Ingilizce gelisimini hizli pilotla test etme' odaklı, risk barındırmayan 2 haftalık kurumsal bir pilot program kurguluyoruz. İlginizi çekerse detayları konuşmak üzere kısa bir kahve sohbeti planlayabiliriz.

Sevgiler,
Growth Automation Ekibi"
TR-HR-100,Özgür Burak Akkol,Türk Traktör,"Selam Özgür, Türk Traktör genelinde dil engellerini aşarak iş verimliliğini artıran konuşma pratiği modelimizi ve başarı hikayelerimizi aktarmak için 10 dk ayırabilir misiniz?",Türk Traktör organizasyonel İngilizce gelişim standardı,"Merhaba Özgür,

Türk Traktör bünyesinde Agricultural machinery / Manufacturing ölçeğinde büyürken, en sık karşılaşılan operasyonel engellerden biri dil bariyerleri olabiliyor. Özellikle: tarim makineleri ve muhendislik nedeniyle Ingilizce gelisim programini olceklendirmek.

Geliştirdiğimiz 'Kurumsal Ingilizce gelisimini hizli pilotla test etme' modeliyle şirket genelinde konuşma odaklı gelişimi nasıl hızlandırdığımızı aktarmak isterim. Önümüzdeki günlerde 10 dakika ayırmanız mümkün mü?

Sevgiler,
Growth Automation Ekibi"
